"Year","State","State USPS","State Name","Female (15-44) Syphilis Cases","Female (15-44) Syphilis Rate per 100,000"
2010,1,"AL","Alabama",220,23
2010,2,"AK","Alaska",2,1
2010,4,"AZ","Arizona",177,14
2010,5,"AR","Arkansas",208,37
2010,6,"CA","California",617,8
2010,8,"CO","Colorado",16,2
2010,9,"CT","Connecticut",27,4
2010,10,"DE","Delaware",4,2
2010,11,"DC","District of Columbia",41,25
2010,12,"FL","Florida",665,19
2010,13,"GA","Georgia",303,15
2010,15,"HI","Hawaii",17,6
2010,16,"ID","Idaho",3,1
2010,17,"IL","Illinois",340,13
2010,18,"IN","Indiana",69,5
2010,19,"IA","Iowa",13,2
2010,20,"KS","Kansas",18,3
2010,21,"KY","Kentucky",42,5
2010,22,"LA","Louisiana",997,107
2010,23,"ME","Maine",0,0
2010,24,"MD","Maryland",141,12
2010,25,"MA","Massachusetts",60,4
2010,26,"MI","Michigan",112,6
2010,27,"MN","Minnesota",46,4
2010,28,"MS","Mississippi",235,39
2010,29,"MO","Missouri",47,4
2010,30,"MT","Montana",1,1
2010,31,"NE","Nebraska",4,1
2010,32,"NV","Nevada",48,9
2010,33,"NH","New Hampshire",4,2
2010,34,"NJ","New Jersey",157,9
2010,35,"NM","New Mexico",17,4
2010,36,"NY","New York",567,14
2010,37,"NC","North Carolina",204,10
2010,38,"ND","North Dakota",1,1
2010,39,"OH","Ohio",303,14
2010,40,"OK","Oklahoma",66,9
2010,41,"OR","Oregon",14,2
2010,42,"PA","Pennsylvania",141,6
2010,44,"RI","Rhode Island",5,2
2010,45,"SC","South Carolina",63,7
2010,46,"SD","South Dakota",2,1
2010,47,"TN","Tennessee",285,22
2010,48,"TX","Texas",1822,34
2010,49,"UT","Utah",13,2
2010,50,"VT","Vermont",2,2
2010,51,"VA","Virginia",102,6
2010,53,"WA","Washington",34,3
2010,54,"WV","West Virginia",3,1
2010,55,"WI","Wisconsin",39,4
2010,56,"WY","Wyoming",0,0
2011,1,"AL","Alabama",191,20
2011,2,"AK","Alaska",2,1
2011,4,"AZ","Arizona",140,11
2011,5,"AR","Arkansas",176,31
2011,6,"CA","California",551,7
2011,8,"CO","Colorado",18,2
2011,9,"CT","Connecticut",26,4
2011,10,"DE","Delaware",14,8
2011,11,"DC","District of Columbia",41,25
2011,12,"FL","Florida",657,18
2011,13,"GA","Georgia",200,10
2011,15,"HI","Hawaii",6,2
2011,16,"ID","Idaho",4,1
2011,17,"IL","Illinois",385,15
2011,18,"IN","Indiana",65,5
2011,19,"IA","Iowa",19,3
2011,20,"KS","Kansas",8,1
2011,21,"KY","Kentucky",51,6
2011,22,"LA","Louisiana",768,82
2011,23,"ME","Maine",2,1
2011,24,"MD","Maryland",191,16
2011,25,"MA","Massachusetts",103,8
2011,26,"MI","Michigan",110,6
2011,27,"MN","Minnesota",42,4
2011,28,"MS","Mississippi",191,32
2011,29,"MO","Missouri",45,4
2011,30,"MT","Montana",2,1
2011,31,"NE","Nebraska",5,1
2011,32,"NV","Nevada",61,11
2011,33,"NH","New Hampshire",1,0
2011,34,"NJ","New Jersey",145,8
2011,35,"NM","New Mexico",16,4
2011,36,"NY","New York",551,14
2011,37,"NC","North Carolina",158,8
2011,38,"ND","North Dakota",0,0
2011,39,"OH","Ohio",240,11
2011,40,"OK","Oklahoma",60,8
2011,41,"OR","Oregon",14,2
2011,42,"PA","Pennsylvania",130,5
2011,44,"RI","Rhode Island",5,2
2011,45,"SC","South Carolina",91,10
2011,46,"SD","South Dakota",2,1
2011,47,"TN","Tennessee",227,18
2011,48,"TX","Texas",1523,28
2011,49,"UT","Utah",4,1
2011,50,"VT","Vermont",1,1
2011,51,"VA","Virginia",91,5
2011,53,"WA","Washington",47,3
2011,54,"WV","West Virginia",2,1
2011,55,"WI","Wisconsin",28,3
2011,56,"WY","Wyoming",3,3
2012,1,"AL","Alabama",149,16
2012,2,"AK","Alaska",7,5
2012,4,"AZ","Arizona",119,9
2012,5,"AR","Arkansas",145,25
2012,6,"CA","California",590,7
2012,8,"CO","Colorado",18,2
2012,9,"CT","Connecticut",24,3
2012,10,"DE","Delaware",20,11
2012,11,"DC","District of Columbia",38,22
2012,12,"FL","Florida",696,19
2012,13,"GA","Georgia",308,15
2012,15,"HI","Hawaii",8,3
2012,16,"ID","Idaho",2,1
2012,17,"IL","Illinois",385,15
2012,18,"IN","Indiana",78,6
2012,19,"IA","Iowa",16,3
2012,20,"KS","Kansas",17,3
2012,21,"KY","Kentucky",61,7
2012,22,"LA","Louisiana",660,71
2012,23,"ME","Maine",3,1
2012,24,"MD","Maryland",193,16
2012,25,"MA","Massachusetts",99,7
2012,26,"MI","Michigan",113,6
2012,27,"MN","Minnesota",50,5
2012,28,"MS","Mississippi",105,17
2012,29,"MO","Missouri",35,3
2012,30,"MT","Montana",0,0
2012,31,"NE","Nebraska",8,2
2012,32,"NV","Nevada",54,10
2012,33,"NH","New Hampshire",3,1
2012,34,"NJ","New Jersey",94,5
2012,35,"NM","New Mexico",26,7
2012,36,"NY","New York",585,14
2012,37,"NC","North Carolina",138,7
2012,38,"ND","North Dakota",2,1
2012,39,"OH","Ohio",324,15
2012,40,"OK","Oklahoma",47,6
2012,41,"OR","Oregon",20,3
2012,42,"PA","Pennsylvania",156,6
2012,44,"RI","Rhode Island",5,2
2012,45,"SC","South Carolina",98,11
2012,46,"SD","South Dakota",4,3
2012,47,"TN","Tennessee",173,13
2012,48,"TX","Texas",1460,27
2012,49,"UT","Utah",7,1
2012,50,"VT","Vermont",0,0
2012,51,"VA","Virginia",114,7
2012,53,"WA","Washington",63,5
2012,54,"WV","West Virginia",6,2
2012,55,"WI","Wisconsin",34,3
2012,56,"WY","Wyoming",1,1
2013,1,"AL","Alabama",122,13
2013,2,"AK","Alaska",5,3
2013,4,"AZ","Arizona",173,13
2013,5,"AR","Arkansas",154,27
2013,6,"CA","California",908,11
2013,8,"CO","Colorado",24,2
2013,9,"CT","Connecticut",18,3
2013,10,"DE","Delaware",15,8
2013,11,"DC","District of Columbia",59,34
2013,12,"FL","Florida",673,19
2013,13,"GA","Georgia",331,16
2013,15,"HI","Hawaii",9,3
2013,16,"ID","Idaho",7,2
2013,17,"IL","Illinois",375,14
2013,18,"IN","Indiana",58,4
2013,19,"IA","Iowa",21,4
2013,20,"KS","Kansas",29,5
2013,21,"KY","Kentucky",89,10
2013,22,"LA","Louisiana",634,68
2013,23,"ME","Maine",3,1
2013,24,"MD","Maryland",216,18
2013,25,"MA","Massachusetts",105,8
2013,26,"MI","Michigan",132,7
2013,27,"MN","Minnesota",64,6
2013,28,"MS","Mississippi",57,9
2013,29,"MO","Missouri",56,5
2013,30,"MT","Montana",2,1
2013,31,"NE","Nebraska",16,4
2013,32,"NV","Nevada",64,11
2013,33,"NH","New Hampshire",6,2
2013,34,"NJ","New Jersey",135,8
2013,35,"NM","New Mexico",48,12
2013,36,"NY","New York",627,16
2013,37,"NC","North Carolina",179,9
2013,38,"ND","North Dakota",8,6
2013,39,"OH","Ohio",256,12
2013,40,"OK","Oklahoma",58,8
2013,41,"OR","Oregon",29,4
2013,42,"PA","Pennsylvania",146,6
2013,44,"RI","Rhode Island",4,2
2013,45,"SC","South Carolina",117,12
2013,46,"SD","South Dakota",18,11
2013,47,"TN","Tennessee",185,14
2013,48,"TX","Texas",1413,25
2013,49,"UT","Utah",8,1
2013,50,"VT","Vermont",0,0
2013,51,"VA","Virginia",117,7
2013,53,"WA","Washington",48,3
2013,54,"WV","West Virginia",8,2
2013,55,"WI","Wisconsin",37,3
2013,56,"WY","Wyoming",4,4
2014,1,"AL","Alabama",85,9
2014,2,"AK","Alaska",3,2
2014,4,"AZ","Arizona",217,17
2014,5,"AR","Arkansas",108,19
2014,6,"CA","California",1298,16
2014,8,"CO","Colorado",12,1
2014,9,"CT","Connecticut",18,3
2014,10,"DE","Delaware",8,4
2014,11,"DC","District of Columbia",22,12
2014,12,"FL","Florida",814,22
2014,13,"GA","Georgia",339,16
2014,15,"HI","Hawaii",6,2
2014,16,"ID","Idaho",3,1
2014,17,"IL","Illinois",465,18
2014,18,"IN","Indiana",68,5
2014,19,"IA","Iowa",32,5
2014,20,"KS","Kansas",48,9
2014,21,"KY","Kentucky",79,9
2014,22,"LA","Louisiana",650,69
2014,23,"ME","Maine",2,1
2014,24,"MD","Maryland",219,18
2014,25,"MA","Massachusetts",82,6
2014,26,"MI","Michigan",164,9
2014,27,"MN","Minnesota",78,7
2014,28,"MS","Mississippi",87,14
2014,29,"MO","Missouri",86,7
2014,30,"MT","Montana",3,2
2014,31,"NE","Nebraska",15,4
2014,32,"NV","Nevada",104,18
2014,33,"NH","New Hampshire",8,3
2014,34,"NJ","New Jersey",132,8
2014,35,"NM","New Mexico",43,11
2014,36,"NY","New York",658,16
2014,37,"NC","North Carolina",251,13
2014,38,"ND","North Dakota",17,12
2014,39,"OH","Ohio",229,10
2014,40,"OK","Oklahoma",77,10
2014,41,"OR","Oregon",47,6
2014,42,"PA","Pennsylvania",170,7
2014,44,"RI","Rhode Island",20,10
2014,45,"SC","South Carolina",96,10
2014,46,"SD","South Dakota",43,27
2014,47,"TN","Tennessee",158,12
2014,48,"TX","Texas",1545,27
2014,49,"UT","Utah",10,2
2014,50,"VT","Vermont",0,0
2014,51,"VA","Virginia",74,4
2014,53,"WA","Washington",69,5
2014,54,"WV","West Virginia",15,4
2014,55,"WI","Wisconsin",29,3
2014,56,"WY","Wyoming",1,1
2015,1,"AL","Alabama",119,12
2015,2,"AK","Alaska",4,3
2015,4,"AZ","Arizona",183,14
2015,5,"AR","Arkansas",132,23
2015,6,"CA","California",1874,23
2015,8,"CO","Colorado",27,2
2015,9,"CT","Connecticut",35,5
2015,10,"DE","Delaware",5,3
2015,11,"DC","District of Columbia",21,12
2015,12,"FL","Florida",909,24
2015,13,"GA","Georgia",439,21
2015,15,"HI","Hawaii",10,4
2015,16,"ID","Idaho",17,5
2015,17,"IL","Illinois",466,18
2015,18,"IN","Indiana",78,6
2015,19,"IA","Iowa",23,4
2015,20,"KS","Kansas",41,7
2015,21,"KY","Kentucky",77,9
2015,22,"LA","Louisiana",714,76
2015,23,"ME","Maine",5,2
2015,24,"MD","Maryland",265,22
2015,25,"MA","Massachusetts",133,10
2015,26,"MI","Michigan",170,9
2015,27,"MN","Minnesota",138,13
2015,28,"MS","Mississippi",129,22
2015,29,"MO","Missouri",148,13
2015,30,"MT","Montana",4,2
2015,31,"NE","Nebraska",9,2
2015,32,"NV","Nevada",98,17
2015,33,"NH","New Hampshire",10,4
2015,34,"NJ","New Jersey",128,7
2015,35,"NM","New Mexico",52,13
2015,36,"NY","New York",606,15
2015,37,"NC","North Carolina",317,16
2015,38,"ND","North Dakota",11,7
2015,39,"OH","Ohio",229,10
2015,40,"OK","Oklahoma",88,11
2015,41,"OR","Oregon",85,11
2015,42,"PA","Pennsylvania",199,8
2015,44,"RI","Rhode Island",16,8
2015,45,"SC","South Carolina",113,12
2015,46,"SD","South Dakota",13,8
2015,47,"TN","Tennessee",203,16
2015,48,"TX","Texas",1568,27
2015,49,"UT","Utah",21,3
2015,50,"VT","Vermont",0,0
2015,51,"VA","Virginia",91,5
2015,53,"WA","Washington",87,6
2015,54,"WV","West Virginia",20,6
2015,55,"WI","Wisconsin",20,2
2015,56,"WY","Wyoming",2,2
2016,1,"AL","Alabama",187,20
2016,2,"AK","Alaska",5,3
2016,4,"AZ","Arizona",268,20
2016,5,"AR","Arkansas",131,23
2016,6,"CA","California",2518,31
2016,8,"CO","Colorado",64,6
2016,9,"CT","Connecticut",24,4
2016,10,"DE","Delaware",15,8
2016,11,"DC","District of Columbia",22,12
2016,12,"FL","Florida",1060,28
2016,13,"GA","Georgia",404,19
2016,15,"HI","Hawaii",17,6
2016,16,"ID","Idaho",27,8
2016,17,"IL","Illinois",517,20
2016,18,"IN","Indiana",102,8
2016,19,"IA","Iowa",42,7
2016,20,"KS","Kansas",41,7
2016,21,"KY","Kentucky",94,11
2016,22,"LA","Louisiana",771,82
2016,23,"ME","Maine",3,1
2016,24,"MD","Maryland",272,23
2016,25,"MA","Massachusetts",146,11
2016,26,"MI","Michigan",115,6
2016,27,"MN","Minnesota",141,13
2016,28,"MS","Mississippi",176,30
2016,29,"MO","Missouri",139,12
2016,30,"MT","Montana",1,1
2016,31,"NE","Nebraska",8,2
2016,32,"NV","Nevada",175,30
2016,33,"NH","New Hampshire",13,5
2016,34,"NJ","New Jersey",165,10
2016,35,"NM","New Mexico",74,19
2016,36,"NY","New York",749,19
2016,37,"NC","North Carolina",348,17
2016,38,"ND","North Dakota",7,5
2016,39,"OH","Ohio",247,11
2016,40,"OK","Oklahoma",123,16
2016,41,"OR","Oregon",94,12
2016,42,"PA","Pennsylvania",208,9
2016,44,"RI","Rhode Island",33,16
2016,45,"SC","South Carolina",144,15
2016,46,"SD","South Dakota",10,6
2016,47,"TN","Tennessee",267,20
2016,48,"TX","Texas",1643,28
2016,49,"UT","Utah",20,3
2016,50,"VT","Vermont",4,3
2016,51,"VA","Virginia",165,10
2016,53,"WA","Washington",152,11
2016,54,"WV","West Virginia",41,13
2016,55,"WI","Wisconsin",47,4
2016,56,"WY","Wyoming",3,3
2017,1,"AL","Alabama",225,24
2017,2,"AK","Alaska",4,3
2017,4,"AZ","Arizona",476,35
2017,5,"AR","Arkansas",205,36
2017,6,"CA","California",3427,42
2017,8,"CO","Colorado",85,7
2017,9,"CT","Connecticut",36,5
2017,10,"DE","Delaware",36,20
2017,11,"DC","District of Columbia",28,15
2017,12,"FL","Florida",1266,33
2017,13,"GA","Georgia",497,23
2017,15,"HI","Hawaii",9,3
2017,16,"ID","Idaho",31,9
2017,17,"IL","Illinois",458,18
2017,18,"IN","Indiana",84,6
2017,19,"IA","Iowa",35,6
2017,20,"KS","Kansas",48,9
2017,21,"KY","Kentucky",162,19
2017,22,"LA","Louisiana",808,86
2017,23,"ME","Maine",15,6
2017,24,"MD","Maryland",273,23
2017,25,"MA","Massachusetts",135,10
2017,26,"MI","Michigan",155,8
2017,27,"MN","Minnesota",171,16
2017,28,"MS","Mississippi",235,40
2017,29,"MO","Missouri",225,19
2017,30,"MT","Montana",13,7
2017,31,"NE","Nebraska",17,5
2017,32,"NV","Nevada",235,40
2017,33,"NH","New Hampshire",8,3
2017,34,"NJ","New Jersey",237,14
2017,35,"NM","New Mexico",65,16
2017,36,"NY","New York",764,19
2017,37,"NC","North Carolina",376,19
2017,38,"ND","North Dakota",16,11
2017,39,"OH","Ohio",282,13
2017,40,"OK","Oklahoma",216,28
2017,41,"OR","Oregon",108,13
2017,42,"PA","Pennsylvania",284,12
2017,44,"RI","Rhode Island",29,14
2017,45,"SC","South Carolina",172,18
2017,46,"SD","South Dakota",8,5
2017,47,"TN","Tennessee",220,17
2017,48,"TX","Texas",2100,36
2017,49,"UT","Utah",22,3
2017,50,"VT","Vermont",4,4
2017,51,"VA","Virginia",227,14
2017,53,"WA","Washington",205,14
2017,54,"WV","West Virginia",39,12
2017,55,"WI","Wisconsin",66,6
2017,56,"WY","Wyoming",2,2
2018,1,"AL","Alabama",253,27
2018,2,"AK","Alaska",13,9
2018,4,"AZ","Arizona",713,52
2018,5,"AR","Arkansas",248,43
2018,6,"CA","California",4491,56
2018,8,"CO","Colorado",131,11
2018,9,"CT","Connecticut",32,5
2018,10,"DE","Delaware",26,14
2018,11,"DC","District of Columbia",34,18
2018,12,"FL","Florida",1485,38
2018,13,"GA","Georgia",587,27
2018,15,"HI","Hawaii",24,9
2018,16,"ID","Idaho",20,6
2018,17,"IL","Illinois",540,21
2018,18,"IN","Indiana",98,8
2018,19,"IA","Iowa",41,7
2018,20,"KS","Kansas",93,17
2018,21,"KY","Kentucky",182,21
2018,22,"LA","Louisiana",762,82
2018,23,"ME","Maine",12,5
2018,24,"MD","Maryland",365,31
2018,25,"MA","Massachusetts",93,7
2018,26,"MI","Michigan",216,11
2018,27,"MN","Minnesota",165,15
2018,28,"MS","Mississippi",404,69
2018,29,"MO","Missouri",409,35
2018,30,"MT","Montana",16,8
2018,31,"NE","Nebraska",23,6
2018,32,"NV","Nevada",364,61
2018,33,"NH","New Hampshire",11,4
2018,34,"NJ","New Jersey",263,16
2018,35,"NM","New Mexico",146,37
2018,36,"NY","New York",895,23
2018,37,"NC","North Carolina",459,23
2018,38,"ND","North Dakota",24,16
2018,39,"OH","Ohio",304,14
2018,40,"OK","Oklahoma",319,41
2018,41,"OR","Oregon",187,23
2018,42,"PA","Pennsylvania",350,15
2018,44,"RI","Rhode Island",42,20
2018,45,"SC","South Carolina",219,22
2018,46,"SD","South Dakota",17,11
2018,47,"TN","Tennessee",279,21
2018,48,"TX","Texas",2415,40
2018,49,"UT","Utah",40,6
2018,50,"VT","Vermont",4,3
2018,51,"VA","Virginia",227,13
2018,53,"WA","Washington",253,17
2018,54,"WV","West Virginia",63,20
2018,55,"WI","Wisconsin",75,7
2018,56,"WY","Wyoming",8,7
2019,1,"AL","Alabama",358,38
2019,2,"AK","Alaska",84,58
2019,4,"AZ","Arizona",924,66
2019,5,"AR","Arkansas",316,55
2019,6,"CA","California",5843,72
2019,8,"CO","Colorado",226,19
2019,9,"CT","Connecticut",74,11
2019,10,"DE","Delaware",38,21
2019,11,"DC","District of Columbia",94,49
2019,12,"FL","Florida",1769,45
2019,13,"GA","Georgia",711,33
2019,15,"HI","Hawaii",48,18
2019,16,"ID","Idaho",35,10
2019,17,"IL","Illinois",687,28
2019,18,"IN","Indiana",156,12
2019,19,"IA","Iowa",82,14
2019,20,"KS","Kansas",134,24
2019,21,"KY","Kentucky",300,35
2019,22,"LA","Louisiana",802,87
2019,23,"ME","Maine",15,6
2019,24,"MD","Maryland",458,39
2019,25,"MA","Massachusetts",224,16
2019,26,"MI","Michigan",325,17
2019,27,"MN","Minnesota",258,24
2019,28,"MS","Mississippi",640,110
2019,29,"MO","Missouri",529,45
2019,30,"MT","Montana",34,17
2019,31,"NE","Nebraska",47,13
2019,32,"NV","Nevada",487,81
2019,33,"NH","New Hampshire",15,6
2019,34,"NJ","New Jersey",336,20
2019,35,"NM","New Mexico",369,93
2019,36,"NY","New York",934,24
2019,37,"NC","North Carolina",562,27
2019,38,"ND","North Dakota",33,22
2019,39,"OH","Ohio",345,16
2019,40,"OK","Oklahoma",555,72
2019,41,"OR","Oregon",254,31
2019,42,"PA","Pennsylvania",440,18
2019,44,"RI","Rhode Island",42,20
2019,45,"SC","South Carolina",256,26
2019,46,"SD","South Dakota",21,13
2019,47,"TN","Tennessee",407,31
2019,48,"TX","Texas",2806,46
2019,49,"UT","Utah",43,6
2019,50,"VT","Vermont",1,1
2019,51,"VA","Virginia",239,14
2019,53,"WA","Washington",319,21
2019,54,"WV","West Virginia",97,31
2019,55,"WI","Wisconsin",92,8
2019,56,"WY","Wyoming",9,8
