"Date Printed: Tuesday, January 21, 2025 5:48:51 PM",,,,,,,,,
"Title: ""Chlamydia | Gonorrhea | 2000 | 2001 | 2002 | 2003 | 2004 | 2005 | 2006 | 2007 | 2008 | 2009 | 2010 | 2011 | 2012 | 2013 | 2014 | 2015 | 2016 | 2017 | 2018 | 2019 | 2020 (COVID-19 Pandemic) | 2021 | 2022 | 2023 | United States | All races/ethnicities | Female | Male | 15-19 | 20-24 | 25-29 | 30-34 | 35-39 | 40-44 | 45-54 | 55-64 | 65+""""",,,,,,,,,
Footnote(s): ,,,,,,,,,
   NA - Not Applicable.,,,,,,,,,
,,,,,,,,,
,,,,,,,,,
,,,,,,,,,
Indicator,Year,Geography,FIPS,Age Group,Race/Ethnicity,Sex,Cases,Rate per 100000,Population
Chlamydia,2023,United States,NA,65+,All races/ethnicities,Female,937,2.9,"32,466,821"
Chlamydia,2023,United States,NA,55-64,All races/ethnicities,Female,"5,411",25.3,"21,350,566"
Chlamydia,2023,United States,NA,45-54,All races/ethnicities,Female,"17,657",87,"20,306,672"
Chlamydia,2023,United States,NA,40-44,All races/ethnicities,Female,"22,527",206.9,"10,885,893"
Chlamydia,2023,United States,NA,35-39,All races/ethnicities,Female,"44,081",395.6,"11,142,564"
Chlamydia,2023,United States,NA,30-34,All races/ethnicities,Female,"91,188",783.3,"11,640,867"
Chlamydia,2023,United States,NA,25-29,All races/ethnicities,Female,"175,785",1621.3,"10,842,462"
Chlamydia,2023,United States,NA,20-24,All races/ethnicities,Female,"367,021",3435.1,"10,684,361"
Chlamydia,2023,United States,NA,15-19,All races/ethnicities,Female,"276,593",2566.1,"10,778,845"
Chlamydia,2023,United States,NA,65+,All races/ethnicities,Male,"2,837",10.6,"26,781,540"
Chlamydia,2023,United States,NA,55-64,All races/ethnicities,Male,"11,954",58.3,"20,503,845"
Chlamydia,2023,United States,NA,45-54,All races/ethnicities,Male,"26,241",130,"20,187,109"
Chlamydia,2023,United States,NA,40-44,All races/ethnicities,Male,"28,556",259.6,"10,998,156"
Chlamydia,2023,United States,NA,35-39,All races/ethnicities,Male,"49,516",435.7,"11,364,080"
Chlamydia,2023,United States,NA,30-34,All races/ethnicities,Male,"84,506",711.1,"11,883,289"
Chlamydia,2023,United States,NA,25-29,All races/ethnicities,Male,"118,233",1057.9,"11,175,898"
Chlamydia,2023,United States,NA,20-24,All races/ethnicities,Male,"173,261",1557.1,"11,126,811"
Chlamydia,2023,United States,NA,15-19,All races/ethnicities,Male,"100,096",886.1,"11,296,635"
Gonorrhea,2023,United States,NA,65+,All races/ethnicities,Female,425,1.3,"32,466,821"
Gonorrhea,2023,United States,NA,55-64,All races/ethnicities,Female,"2,164",10.1,"21,350,566"
Gonorrhea,2023,United States,NA,45-54,All races/ethnicities,Female,"7,325",36.1,"20,306,672"
Gonorrhea,2023,United States,NA,40-44,All races/ethnicities,Female,"9,162",84.2,"10,885,893"
Gonorrhea,2023,United States,NA,35-39,All races/ethnicities,Female,"15,724",141.1,"11,142,564"
Gonorrhea,2023,United States,NA,30-34,All races/ethnicities,Female,"26,657",229,"11,640,867"
Gonorrhea,2023,United States,NA,25-29,All races/ethnicities,Female,"38,358",353.8,"10,842,462"
Gonorrhea,2023,United States,NA,20-24,All races/ethnicities,Female,"65,226",610.5,"10,684,361"
Gonorrhea,2023,United States,NA,15-19,All races/ethnicities,Female,"51,384",476.7,"10,778,845"
Gonorrhea,2023,United States,NA,65+,All races/ethnicities,Male,"3,158",11.8,"26,781,540"
Gonorrhea,2023,United States,NA,55-64,All races/ethnicities,Male,"13,406",65.4,"20,503,845"
Gonorrhea,2023,United States,NA,45-54,All races/ethnicities,Male,"26,316",130.4,"20,187,109"
Gonorrhea,2023,United States,NA,40-44,All races/ethnicities,Male,"27,154",246.9,"10,998,156"
Gonorrhea,2023,United States,NA,35-39,All races/ethnicities,Male,"44,085",387.9,"11,364,080"
Gonorrhea,2023,United States,NA,30-34,All races/ethnicities,Male,"69,607",585.8,"11,883,289"
Gonorrhea,2023,United States,NA,25-29,All races/ethnicities,Male,"75,017",671.2,"11,175,898"
Gonorrhea,2023,United States,NA,20-24,All races/ethnicities,Male,"76,900",691.1,"11,126,811"
Gonorrhea,2023,United States,NA,15-19,All races/ethnicities,Male,"38,080",337.1,"11,296,635"
Chlamydia,2022,United States,NA,65+,All races/ethnicities,Female,974,3.1,"31,865,508"
Chlamydia,2022,United States,NA,55-64,All races/ethnicities,Female,"4,878",22.8,"21,413,534"
Chlamydia,2022,United States,NA,45-54,All races/ethnicities,Female,"16,532",82,"20,152,015"
Chlamydia,2022,United States,NA,40-44,All races/ethnicities,Female,"21,532",202.9,"10,609,527"
Chlamydia,2022,United States,NA,35-39,All races/ethnicities,Female,"42,700",389.4,"10,965,649"
Chlamydia,2022,United States,NA,30-34,All races/ethnicities,Female,"90,859",792.1,"11,471,316"
Chlamydia,2022,United States,NA,25-29,All races/ethnicities,Female,"182,244",1681.2,"10,840,422"
Chlamydia,2022,United States,NA,20-24,All races/ethnicities,Female,"392,214",3532.3,"11,103,791"
Chlamydia,2022,United States,NA,15-19,All races/ethnicities,Female,"279,919",2652.3,"10,553,749"
Chlamydia,2022,United States,NA,65+,All races/ethnicities,Male,"2,584",10,"25,929,344"
Chlamydia,2022,United States,NA,55-64,All races/ethnicities,Male,"11,285",54.6,"20,671,903"
Chlamydia,2022,United States,NA,45-54,All races/ethnicities,Male,"25,286",124.7,"20,279,630"
Chlamydia,2022,United States,NA,40-44,All races/ethnicities,Male,"27,048",250,"10,817,889"
Chlamydia,2022,United States,NA,35-39,All races/ethnicities,Male,"47,220",417.8,"11,302,300"
Chlamydia,2022,United States,NA,30-34,All races/ethnicities,Male,"84,562",714.4,"11,836,820"
Chlamydia,2022,United States,NA,25-29,All races/ethnicities,Male,"122,749",1081.2,"11,352,742"
Chlamydia,2022,United States,NA,20-24,All races/ethnicities,Male,"182,289",1571.2,"11,601,988"
Chlamydia,2022,United States,NA,15-19,All races/ethnicities,Male,"95,187",858.9,"11,082,043"
Gonorrhea,2022,United States,NA,65+,All races/ethnicities,Female,455,1.4,"31,865,508"
Gonorrhea,2022,United States,NA,55-64,All races/ethnicities,Female,"2,229",10.4,"21,413,534"
Gonorrhea,2022,United States,NA,45-54,All races/ethnicities,Female,"7,856",39,"20,152,015"
Gonorrhea,2022,United States,NA,40-44,All races/ethnicities,Female,"10,390",97.9,"10,609,527"
Gonorrhea,2022,United States,NA,35-39,All races/ethnicities,Female,"18,067",164.8,"10,965,649"
Gonorrhea,2022,United States,NA,30-34,All races/ethnicities,Female,"31,553",275.1,"11,471,316"
Gonorrhea,2022,United States,NA,25-29,All races/ethnicities,Female,"47,470",437.9,"10,840,422"
Gonorrhea,2022,United States,NA,20-24,All races/ethnicities,Female,"79,408",715.1,"11,103,791"
Gonorrhea,2022,United States,NA,15-19,All races/ethnicities,Female,"55,477",525.7,"10,553,749"
Gonorrhea,2022,United States,NA,65+,All races/ethnicities,Male,"2,966",11.4,"25,929,344"
Gonorrhea,2022,United States,NA,55-64,All races/ethnicities,Male,"13,111",63.4,"20,671,903"
Gonorrhea,2022,United States,NA,45-54,All races/ethnicities,Male,"26,639",131.4,"20,279,630"
Gonorrhea,2022,United States,NA,40-44,All races/ethnicities,Male,"26,835",248.1,"10,817,889"
Gonorrhea,2022,United States,NA,35-39,All races/ethnicities,Male,"43,373",383.8,"11,302,300"
Gonorrhea,2022,United States,NA,30-34,All races/ethnicities,Male,"71,251",601.9,"11,836,820"
Gonorrhea,2022,United States,NA,25-29,All races/ethnicities,Male,"80,453",708.7,"11,352,742"
Gonorrhea,2022,United States,NA,20-24,All races/ethnicities,Male,"85,780",739.4,"11,601,988"
Gonorrhea,2022,United States,NA,15-19,All races/ethnicities,Male,"39,106",352.9,"11,082,043"
Chlamydia,2021,United States,NA,65+,All races/ethnicities,Female,768,2.5,"30,634,410"
Chlamydia,2021,United States,NA,55-64,All races/ethnicities,Female,"4,387",20.1,"21,839,746"
Chlamydia,2021,United States,NA,45-54,All races/ethnicities,Female,"15,012",73.7,"20,376,477"
Chlamydia,2021,United States,NA,40-44,All races/ethnicities,Female,"19,674",187.2,"10,510,756"
Chlamydia,2021,United States,NA,35-39,All races/ethnicities,Female,"40,684",368.7,"11,035,485"
Chlamydia,2021,United States,NA,30-34,All races/ethnicities,Female,"87,753",767.9,"11,428,324"
Chlamydia,2021,United States,NA,25-29,All races/ethnicities,Female,"184,151",1672.1,"11,013,419"
Chlamydia,2021,United States,NA,20-24,All races/ethnicities,Female,"400,702",3797.8,"10,550,759"
Chlamydia,2021,United States,NA,15-19,All races/ethnicities,Female,"284,306",2697,"10,541,690"
Chlamydia,2021,United States,NA,65+,All races/ethnicities,Male,"1,998",7.9,"25,213,543"
Chlamydia,2021,United States,NA,55-64,All races/ethnicities,Male,"9,838",46.9,"20,963,318"
Chlamydia,2021,United States,NA,45-54,All races/ethnicities,Male,"23,338",114.9,"20,311,959"
Chlamydia,2021,United States,NA,40-44,All races/ethnicities,Male,"24,546",231.7,"10,593,780"
Chlamydia,2021,United States,NA,35-39,All races/ethnicities,Male,"43,388",385.2,"11,263,833"
Chlamydia,2021,United States,NA,30-34,All races/ethnicities,Male,"80,320",688,"11,674,304"
Chlamydia,2021,United States,NA,25-29,All races/ethnicities,Male,"123,735",1087.4,"11,379,058"
Chlamydia,2021,United States,NA,20-24,All races/ethnicities,Male,"184,350",1680,"10,973,238"
Chlamydia,2021,United States,NA,15-19,All races/ethnicities,Male,"90,720",823,"11,022,976"
Gonorrhea,2021,United States,NA,65+,All races/ethnicities,Female,431,1.4,"30,634,410"
Gonorrhea,2021,United States,NA,55-64,All races/ethnicities,Female,"2,381",10.9,"21,839,746"
Gonorrhea,2021,United States,NA,45-54,All races/ethnicities,Female,"8,684",42.6,"20,376,477"
Gonorrhea,2021,United States,NA,40-44,All races/ethnicities,Female,"11,553",109.9,"10,510,756"
Gonorrhea,2021,United States,NA,35-39,All races/ethnicities,Female,"20,992",190.2,"11,035,485"
Gonorrhea,2021,United States,NA,30-34,All races/ethnicities,Female,"36,911",323,"11,428,324"
Gonorrhea,2021,United States,NA,25-29,All races/ethnicities,Female,"58,701",533,"11,013,419"
Gonorrhea,2021,United States,NA,20-24,All races/ethnicities,Female,"92,130",873.2,"10,550,759"
Gonorrhea,2021,United States,NA,15-19,All races/ethnicities,Female,"61,961",587.8,"10,541,690"
Gonorrhea,2021,United States,NA,65+,All races/ethnicities,Male,"2,746",10.9,"25,213,543"
Gonorrhea,2021,United States,NA,55-64,All races/ethnicities,Male,"12,884",61.5,"20,963,318"
Gonorrhea,2021,United States,NA,45-54,All races/ethnicities,Male,"27,393",134.9,"20,311,959"
Gonorrhea,2021,United States,NA,40-44,All races/ethnicities,Male,"26,984",254.7,"10,593,780"
Gonorrhea,2021,United States,NA,35-39,All races/ethnicities,Male,"44,028",390.9,"11,263,833"
Gonorrhea,2021,United States,NA,30-34,All races/ethnicities,Male,"72,191",618.4,"11,674,304"
Gonorrhea,2021,United States,NA,25-29,All races/ethnicities,Male,"89,098",783,"11,379,058"
Gonorrhea,2021,United States,NA,20-24,All races/ethnicities,Male,"92,638",844.2,"10,973,238"
Gonorrhea,2021,United States,NA,15-19,All races/ethnicities,Male,"39,696",360.1,"11,022,976"
Chlamydia,2020 (COVID-19 Pandemic),United States,NA,65+,All races/ethnicities,Female,602,2,"29,747,796"
Chlamydia,2020 (COVID-19 Pandemic),United States,NA,55-64,All races/ethnicities,Female,"3,629",16.5,"22,003,370"
Chlamydia,2020 (COVID-19 Pandemic),United States,NA,45-54,All races/ethnicities,Female,"12,352",59.9,"20,625,646"
Chlamydia,2020 (COVID-19 Pandemic),United States,NA,40-44,All races/ethnicities,Female,"16,875",164.6,"10,253,903"
Chlamydia,2020 (COVID-19 Pandemic),United States,NA,35-39,All races/ethnicities,Female,"36,068",328,"10,996,865"
Chlamydia,2020 (COVID-19 Pandemic),United States,NA,30-34,All races/ethnicities,Female,"79,015",700.9,"11,273,853"
Chlamydia,2020 (COVID-19 Pandemic),United States,NA,25-29,All races/ethnicities,Female,"178,085",1579.8,"11,272,561"
Chlamydia,2020 (COVID-19 Pandemic),United States,NA,20-24,All races/ethnicities,Female,"394,149",3746.2,"10,521,403"
Chlamydia,2020 (COVID-19 Pandemic),United States,NA,15-19,All races/ethnicities,Female,"294,624",2796.4,"10,535,875"
Chlamydia,2020 (COVID-19 Pandemic),United States,NA,65+,All races/ethnicities,Male,"1,549",6.4,"24,388,833"
Chlamydia,2020 (COVID-19 Pandemic),United States,NA,55-64,All races/ethnicities,Male,"7,941",37.6,"21,101,329"
Chlamydia,2020 (COVID-19 Pandemic),United States,NA,45-54,All races/ethnicities,Male,"19,930",96.8,"20,581,727"
Chlamydia,2020 (COVID-19 Pandemic),United States,NA,40-44,All races/ethnicities,Male,"20,139",195.3,"10,313,874"
Chlamydia,2020 (COVID-19 Pandemic),United States,NA,35-39,All races/ethnicities,Male,"37,085",330.7,"11,213,905"
Chlamydia,2020 (COVID-19 Pandemic),United States,NA,30-34,All races/ethnicities,Male,"69,456",601.4,"11,549,559"
Chlamydia,2020 (COVID-19 Pandemic),United States,NA,25-29,All races/ethnicities,Male,"118,636",1020.9,"11,620,825"
Chlamydia,2020 (COVID-19 Pandemic),United States,NA,20-24,All races/ethnicities,Male,"180,060",1644.8,"10,947,117"
Chlamydia,2020 (COVID-19 Pandemic),United States,NA,15-19,All races/ethnicities,Male,"90,944",825.9,"11,011,078"
Gonorrhea,2020 (COVID-19 Pandemic),United States,NA,65+,All races/ethnicities,Female,343,1.2,"29,747,796"
Gonorrhea,2020 (COVID-19 Pandemic),United States,NA,55-64,All races/ethnicities,Female,"2,063",9.4,"22,003,370"
Gonorrhea,2020 (COVID-19 Pandemic),United States,NA,45-54,All races/ethnicities,Female,"7,663",37.2,"20,625,646"
Gonorrhea,2020 (COVID-19 Pandemic),United States,NA,40-44,All races/ethnicities,Female,"10,164",99.1,"10,253,903"
Gonorrhea,2020 (COVID-19 Pandemic),United States,NA,35-39,All races/ethnicities,Female,"19,604",178.3,"10,996,865"
Gonorrhea,2020 (COVID-19 Pandemic),United States,NA,30-34,All races/ethnicities,Female,"34,590",306.8,"11,273,853"
Gonorrhea,2020 (COVID-19 Pandemic),United States,NA,25-29,All races/ethnicities,Female,"58,127",515.7,"11,272,561"
Gonorrhea,2020 (COVID-19 Pandemic),United States,NA,20-24,All races/ethnicities,Female,"91,618",870.8,"10,521,403"
Gonorrhea,2020 (COVID-19 Pandemic),United States,NA,15-19,All races/ethnicities,Female,"63,542",603.1,"10,535,875"
Gonorrhea,2020 (COVID-19 Pandemic),United States,NA,65+,All races/ethnicities,Male,"2,470",10.1,"24,388,833"
Gonorrhea,2020 (COVID-19 Pandemic),United States,NA,55-64,All races/ethnicities,Male,"11,678",55.3,"21,101,329"
Gonorrhea,2020 (COVID-19 Pandemic),United States,NA,45-54,All races/ethnicities,Male,"25,152",122.2,"20,581,727"
Gonorrhea,2020 (COVID-19 Pandemic),United States,NA,40-44,All races/ethnicities,Male,"23,807",230.8,"10,313,874"
Gonorrhea,2020 (COVID-19 Pandemic),United States,NA,35-39,All races/ethnicities,Male,"38,898",346.9,"11,213,905"
Gonorrhea,2020 (COVID-19 Pandemic),United States,NA,30-34,All races/ethnicities,Male,"64,453",558.1,"11,549,559"
Gonorrhea,2020 (COVID-19 Pandemic),United States,NA,25-29,All races/ethnicities,Male,"87,378",751.9,"11,620,825"
Gonorrhea,2020 (COVID-19 Pandemic),United States,NA,20-24,All races/ethnicities,Male,"90,894",830.3,"10,947,117"
Gonorrhea,2020 (COVID-19 Pandemic),United States,NA,15-19,All races/ethnicities,Male,"39,656",360.1,"11,011,078"
Chlamydia,2019,United States,NA,65+,All races/ethnicities,Female,736,2.5,"29,983,973"
Chlamydia,2019,United States,NA,55-64,All races/ethnicities,Female,"4,378",19.9,"21,949,318"
Chlamydia,2019,United States,NA,45-54,All races/ethnicities,Female,"15,256",73.7,"20,702,936"
Chlamydia,2019,United States,NA,40-44,All races/ethnicities,Female,"19,185",191.6,"10,014,484"
Chlamydia,2019,United States,NA,35-39,All races/ethnicities,Female,"40,897",376.8,"10,852,580"
Chlamydia,2019,United States,NA,30-34,All races/ethnicities,Female,"84,726",764.9,"11,076,695"
Chlamydia,2019,United States,NA,25-29,All races/ethnicities,Female,"199,581",1734.8,"11,504,446"
Chlamydia,2019,United States,NA,20-24,All races/ethnicities,Female,"438,567",4149.9,"10,568,188"
Chlamydia,2019,United States,NA,15-19,All races/ethnicities,Female,"344,130",3338.2,"10,308,963"
Chlamydia,2019,United States,NA,65+,All races/ethnicities,Male,"2,036",8.5,"24,074,290"
Chlamydia,2019,United States,NA,55-64,All races/ethnicities,Male,"9,567",46.7,"20,499,219"
Chlamydia,2019,United States,NA,45-54,All races/ethnicities,Male,"25,150",124.7,"20,171,966"
Chlamydia,2019,United States,NA,40-44,All races/ethnicities,Male,"23,715",239.4,"9,907,139"
Chlamydia,2019,United States,NA,35-39,All races/ethnicities,Male,"43,605",400.6,"10,884,941"
Chlamydia,2019,United States,NA,30-34,All races/ethnicities,Male,"78,579",692,"11,354,610"
Chlamydia,2019,United States,NA,25-29,All races/ethnicities,Male,"140,281",1168.6,"12,004,570"
Chlamydia,2019,United States,NA,20-24,All races/ethnicities,Male,"209,635",1894.6,"11,064,752"
Chlamydia,2019,United States,NA,15-19,All races/ethnicities,Male,"108,724",1011.8,"10,745,607"
Gonorrhea,2019,United States,NA,65+,All races/ethnicities,Female,336,1.1,"29,983,973"
Gonorrhea,2019,United States,NA,55-64,All races/ethnicities,Female,"1,916",8.7,"21,949,318"
Gonorrhea,2019,United States,NA,45-54,All races/ethnicities,Female,"6,884",33.3,"20,702,936"
Gonorrhea,2019,United States,NA,40-44,All races/ethnicities,Female,"8,417",84,"10,014,484"
Gonorrhea,2019,United States,NA,35-39,All races/ethnicities,Female,"16,614",153.1,"10,852,580"
Gonorrhea,2019,United States,NA,30-34,All races/ethnicities,Female,"29,045",262.2,"11,076,695"
Gonorrhea,2019,United States,NA,25-29,All races/ethnicities,Female,"51,260",445.6,"11,504,446"
Gonorrhea,2019,United States,NA,20-24,All races/ethnicities,Female,"78,700",744.7,"10,568,188"
Gonorrhea,2019,United States,NA,15-19,All races/ethnicities,Female,"57,758",560.3,"10,308,963"
Gonorrhea,2019,United States,NA,65+,All races/ethnicities,Male,"2,350",9.8,"24,074,290"
Gonorrhea,2019,United States,NA,55-64,All races/ethnicities,Male,"11,683",57,"20,499,219"
Gonorrhea,2019,United States,NA,45-54,All races/ethnicities,Male,"26,356",130.7,"20,171,966"
Gonorrhea,2019,United States,NA,40-44,All races/ethnicities,Male,"21,871",220.8,"9,907,139"
Gonorrhea,2019,United States,NA,35-39,All races/ethnicities,Male,"36,866",338.7,"10,884,941"
Gonorrhea,2019,United States,NA,30-34,All races/ethnicities,Male,"58,749",517.4,"11,354,610"
Gonorrhea,2019,United States,NA,25-29,All races/ethnicities,Male,"84,207",701.5,"12,004,570"
Gonorrhea,2019,United States,NA,20-24,All races/ethnicities,Male,"83,278",752.6,"11,064,752"
Gonorrhea,2019,United States,NA,15-19,All races/ethnicities,Male,"35,402",329.5,"10,745,607"
Chlamydia,2018,United States,NA,65+,All races/ethnicities,Female,640,2.2,"29,088,244"
Chlamydia,2018,United States,NA,55-64,All races/ethnicities,Female,"4,029",18.4,"21,846,638"
Chlamydia,2018,United States,NA,45-54,All races/ethnicities,Female,"14,173",67.3,"21,063,133"
Chlamydia,2018,United States,NA,40-44,All races/ethnicities,Female,"17,462",176.4,"9,900,285"
Chlamydia,2018,United States,NA,35-39,All races/ethnicities,Female,"38,635",359.1,"10,758,746"
Chlamydia,2018,United States,NA,30-34,All races/ethnicities,Female,"81,645",747.1,"10,928,815"
Chlamydia,2018,United States,NA,25-29,All races/ethnicities,Female,"197,966",1718.7,"11,518,453"
Chlamydia,2018,United States,NA,20-24,All races/ethnicities,Female,"437,732",4113.3,"10,641,921"
Chlamydia,2018,United States,NA,15-19,All races/ethnicities,Female,"341,635",3314,"10,308,698"
Chlamydia,2018,United States,NA,65+,All races/ethnicities,Male,"1,676",7.2,"23,281,095"
Chlamydia,2018,United States,NA,55-64,All races/ethnicities,Male,"8,474",41.6,"20,377,611"
Chlamydia,2018,United States,NA,45-54,All races/ethnicities,Male,"24,067",117.3,"20,514,573"
Chlamydia,2018,United States,NA,40-44,All races/ethnicities,Male,"21,111",215.8,"9,781,167"
Chlamydia,2018,United States,NA,35-39,All races/ethnicities,Male,"39,320",365,"10,773,276"
Chlamydia,2018,United States,NA,30-34,All races/ethnicities,Male,"72,222",646.6,"11,170,334"
Chlamydia,2018,United States,NA,25-29,All races/ethnicities,Male,"135,059",1126.2,"11,992,508"
Chlamydia,2018,United States,NA,20-24,All races/ethnicities,Male,"202,528",1813.8,"11,166,165"
Chlamydia,2018,United States,NA,15-19,All races/ethnicities,Male,"103,582",963,"10,755,963"
Gonorrhea,2018,United States,NA,65+,All races/ethnicities,Female,283,1,"29,088,244"
Gonorrhea,2018,United States,NA,55-64,All races/ethnicities,Female,"1,675",7.7,"21,846,638"
Gonorrhea,2018,United States,NA,45-54,All races/ethnicities,Female,"6,132",29.1,"21,063,133"
Gonorrhea,2018,United States,NA,40-44,All races/ethnicities,Female,"7,353",74.3,"9,900,285"
Gonorrhea,2018,United States,NA,35-39,All races/ethnicities,Female,"14,769",137.3,"10,758,746"
Gonorrhea,2018,United States,NA,30-34,All races/ethnicities,Female,"27,026",247.3,"10,928,815"
Gonorrhea,2018,United States,NA,25-29,All races/ethnicities,Female,"48,991",425.3,"11,518,453"
Gonorrhea,2018,United States,NA,20-24,All races/ethnicities,Female,"75,663",711,"10,641,921"
Gonorrhea,2018,United States,NA,15-19,All races/ethnicities,Female,"56,628",549.3,"10,308,698"
Gonorrhea,2018,United States,NA,65+,All races/ethnicities,Male,"2,036",8.7,"23,281,095"
Gonorrhea,2018,United States,NA,55-64,All races/ethnicities,Male,"10,399",51,"20,377,611"
Gonorrhea,2018,United States,NA,45-54,All races/ethnicities,Male,"25,092",122.3,"20,514,573"
Gonorrhea,2018,United States,NA,40-44,All races/ethnicities,Male,"19,552",199.9,"9,781,167"
Gonorrhea,2018,United States,NA,35-39,All races/ethnicities,Male,"33,556",311.5,"10,773,276"
Gonorrhea,2018,United States,NA,30-34,All races/ethnicities,Male,"53,362",477.7,"11,170,334"
Gonorrhea,2018,United States,NA,25-29,All races/ethnicities,Male,"80,216",668.9,"11,992,508"
Gonorrhea,2018,United States,NA,20-24,All races/ethnicities,Male,"81,813",732.7,"11,166,165"
Gonorrhea,2018,United States,NA,15-19,All races/ethnicities,Male,"34,614",321.8,"10,755,963"
Chlamydia,2017,United States,NA,65+,All races/ethnicities,Female,698,2.5,"28,234,164"
Chlamydia,2017,United States,NA,55-64,All races/ethnicities,Female,"3,840",17.7,"21,674,692"
Chlamydia,2017,United States,NA,45-54,All races/ethnicities,Female,"13,713",64.1,"21,394,695"
Chlamydia,2017,United States,NA,40-44,All races/ethnicities,Female,"16,940",171.9,"9,857,321"
Chlamydia,2017,United States,NA,35-39,All races/ethnicities,Female,"37,621",355.3,"10,588,771"
Chlamydia,2017,United States,NA,30-34,All races/ethnicities,Female,"78,502",722.6,"10,864,243"
Chlamydia,2017,United States,NA,25-29,All races/ethnicities,Female,"194,267",1697,"11,447,733"
Chlamydia,2017,United States,NA,20-24,All races/ethnicities,Female,"434,050",4042.7,"10,736,534"
Chlamydia,2017,United States,NA,15-19,All races/ethnicities,Female,"337,290",3269.3,"10,316,950"
Chlamydia,2017,United States,NA,65+,All races/ethnicities,Male,"1,461",6.5,"22,519,240"
Chlamydia,2017,United States,NA,55-64,All races/ethnicities,Male,"7,490",37.1,"20,200,077"
Chlamydia,2017,United States,NA,45-54,All races/ethnicities,Male,"22,431",107.6,"20,837,645"
Chlamydia,2017,United States,NA,40-44,All races/ethnicities,Male,"19,310",198.7,"9,718,958"
Chlamydia,2017,United States,NA,35-39,All races/ethnicities,Male,"36,427",343.9,"10,591,534"
Chlamydia,2017,United States,NA,30-34,All races/ethnicities,Male,"65,690",593.4,"11,070,233"
Chlamydia,2017,United States,NA,25-29,All races/ethnicities,Male,"127,007",1069,"11,881,203"
Chlamydia,2017,United States,NA,20-24,All races/ethnicities,Male,"195,971",1733.4,"11,305,787"
Chlamydia,2017,United States,NA,15-19,All races/ethnicities,Male,"99,864",926.6,"10,777,647"
Gonorrhea,2017,United States,NA,65+,All races/ethnicities,Female,233,0.8,"28,234,164"
Gonorrhea,2017,United States,NA,55-64,All races/ethnicities,Female,"1,538",7.1,"21,674,692"
Gonorrhea,2017,United States,NA,45-54,All races/ethnicities,Female,"5,580",26.1,"21,394,695"
Gonorrhea,2017,United States,NA,40-44,All races/ethnicities,Female,"6,331",64.2,"9,857,321"
Gonorrhea,2017,United States,NA,35-39,All races/ethnicities,Female,"13,448",127,"10,588,771"
Gonorrhea,2017,United States,NA,30-34,All races/ethnicities,Female,"24,157",222.4,"10,864,243"
Gonorrhea,2017,United States,NA,25-29,All races/ethnicities,Female,"46,577",406.9,"11,447,733"
Gonorrhea,2017,United States,NA,20-24,All races/ethnicities,Female,"74,578",694.6,"10,736,534"
Gonorrhea,2017,United States,NA,15-19,All races/ethnicities,Female,"57,573",558,"10,316,950"
Gonorrhea,2017,United States,NA,65+,All races/ethnicities,Male,"1,818",8.1,"22,519,240"
Gonorrhea,2017,United States,NA,55-64,All races/ethnicities,Male,"9,311",46.1,"20,200,077"
Gonorrhea,2017,United States,NA,45-54,All races/ethnicities,Male,"23,803",114.2,"20,837,645"
Gonorrhea,2017,United States,NA,40-44,All races/ethnicities,Male,"17,753",182.7,"9,718,958"
Gonorrhea,2017,United States,NA,35-39,All races/ethnicities,Male,"30,277",285.9,"10,591,534"
Gonorrhea,2017,United States,NA,30-34,All races/ethnicities,Male,"47,342",427.7,"11,070,233"
Gonorrhea,2017,United States,NA,25-29,All races/ethnicities,Male,"75,123",632.3,"11,881,203"
Gonorrhea,2017,United States,NA,20-24,All races/ethnicities,Male,"81,036",716.8,"11,305,787"
Gonorrhea,2017,United States,NA,15-19,All races/ethnicities,Male,"34,918",324,"10,777,647"
Chlamydia,2016,United States,NA,65+,All races/ethnicities,Female,597,2.2,"27,424,085"
Chlamydia,2016,United States,NA,55-64,All races/ethnicities,Female,"3,354",15.7,"21,428,570"
Chlamydia,2016,United States,NA,45-54,All races/ethnicities,Female,"12,683",58.6,"21,640,169"
Chlamydia,2016,United States,NA,40-44,All races/ethnicities,Female,"15,705",158.5,"9,910,658"
Chlamydia,2016,United States,NA,35-39,All races/ethnicities,Female,"34,872",335.4,"10,396,533"
Chlamydia,2016,United States,NA,30-34,All races/ethnicities,Female,"74,226",685.4,"10,829,130"
Chlamydia,2016,United States,NA,25-29,All races/ethnicities,Female,"183,222",1627.6,"11,257,534"
Chlamydia,2016,United States,NA,20-24,All races/ethnicities,Female,"418,388",3849.5,"10,868,770"
Chlamydia,2016,United States,NA,15-19,All races/ethnicities,Female,"316,639",3065.3,"10,329,800"
Chlamydia,2016,United States,NA,65+,All races/ethnicities,Male,"1,161",5.3,"21,777,986"
Chlamydia,2016,United States,NA,55-64,All races/ethnicities,Male,"5,942",29.8,"19,961,229"
Chlamydia,2016,United States,NA,45-54,All races/ethnicities,Male,"19,569",92.9,"21,066,860"
Chlamydia,2016,United States,NA,40-44,All races/ethnicities,Male,"16,784",171.8,"9,769,161"
Chlamydia,2016,United States,NA,35-39,All races/ethnicities,Male,"31,671",305,"10,382,866"
Chlamydia,2016,United States,NA,30-34,All races/ethnicities,Male,"58,583",533.1,"10,989,782"
Chlamydia,2016,United States,NA,25-29,All races/ethnicities,Male,"114,484",982.2,"11,655,559"
Chlamydia,2016,United States,NA,20-24,All races/ethnicities,Male,"181,857",1584.7,"11,475,837"
Chlamydia,2016,United States,NA,15-19,All races/ethnicities,Male,"89,899",832.4,"10,799,470"
Gonorrhea,2016,United States,NA,65+,All races/ethnicities,Female,191,0.7,"27,424,085"
Gonorrhea,2016,United States,NA,55-64,All races/ethnicities,Female,"1,178",5.5,"21,428,570"
Gonorrhea,2016,United States,NA,45-54,All races/ethnicities,Female,"4,330",20,"21,640,169"
Gonorrhea,2016,United States,NA,40-44,All races/ethnicities,Female,"4,935",49.8,"9,910,658"
Gonorrhea,2016,United States,NA,35-39,All races/ethnicities,Female,"10,230",98.4,"10,396,533"
Gonorrhea,2016,United States,NA,30-34,All races/ethnicities,Female,"19,306",178.3,"10,829,130"
Gonorrhea,2016,United States,NA,25-29,All races/ethnicities,Female,"38,881",345.4,"11,257,534"
Gonorrhea,2016,United States,NA,20-24,All races/ethnicities,Female,"65,930",606.6,"10,868,770"
Gonorrhea,2016,United States,NA,15-19,All races/ethnicities,Female,"49,710",481.2,"10,329,800"
Gonorrhea,2016,United States,NA,65+,All races/ethnicities,Male,"1,403",6.4,"21,777,986"
Gonorrhea,2016,United States,NA,55-64,All races/ethnicities,Male,"6,947",34.8,"19,961,229"
Gonorrhea,2016,United States,NA,45-54,All races/ethnicities,Male,"19,762",93.8,"21,066,860"
Gonorrhea,2016,United States,NA,40-44,All races/ethnicities,Male,"14,116",144.5,"9,769,161"
Gonorrhea,2016,United States,NA,35-39,All races/ethnicities,Male,"23,744",228.7,"10,382,866"
Gonorrhea,2016,United States,NA,30-34,All races/ethnicities,Male,"38,193",347.5,"10,989,782"
Gonorrhea,2016,United States,NA,25-29,All races/ethnicities,Male,"62,189",533.6,"11,655,559"
Gonorrhea,2016,United States,NA,20-24,All races/ethnicities,Male,"71,967",627.1,"11,475,837"
Gonorrhea,2016,United States,NA,15-19,All races/ethnicities,Male,"30,316",280.7,"10,799,470"
Chlamydia,2015,United States,NA,65+,All races/ethnicities,Female,546,2.1,"26,613,943"
Chlamydia,2015,United States,NA,55-64,All races/ethnicities,Female,"2,840",13.5,"21,099,136"
Chlamydia,2015,United States,NA,45-54,All races/ethnicities,Female,"11,764",54,"21,803,943"
Chlamydia,2015,United States,NA,40-44,All races/ethnicities,Female,"15,118",149.1,"10,142,727"
Chlamydia,2015,United States,NA,35-39,All races/ethnicities,Female,"32,621",320.9,"10,164,245"
Chlamydia,2015,United States,NA,30-34,All races/ethnicities,Female,"71,653",666,"10,759,408"
Chlamydia,2015,United States,NA,25-29,All races/ethnicities,Female,"175,291",1591,"11,017,889"
Chlamydia,2015,United States,NA,20-24,All races/ethnicities,Female,"416,772",3777.8,"11,032,073"
Chlamydia,2015,United States,NA,15-19,All races/ethnicities,Female,"307,937",2990.1,"10,298,487"
Chlamydia,2015,United States,NA,65+,All races/ethnicities,Male,"1,043",5,"21,036,827"
Chlamydia,2015,United States,NA,55-64,All races/ethnicities,Male,"4,901",24.9,"19,645,032"
Chlamydia,2015,United States,NA,45-54,All races/ethnicities,Male,"17,011",80.2,"21,211,588"
Chlamydia,2015,United States,NA,40-44,All races/ethnicities,Male,"15,210",152.2,"9,990,175"
Chlamydia,2015,United States,NA,35-39,All races/ethnicities,Male,"27,180",268,"10,140,455"
Chlamydia,2015,United States,NA,30-34,All races/ethnicities,Male,"52,019",478.6,"10,869,592"
Chlamydia,2015,United States,NA,25-29,All races/ethnicities,Male,"104,679",918.9,"11,391,309"
Chlamydia,2015,United States,NA,20-24,All races/ethnicities,Male,"172,313",1480.8,"11,636,577"
Chlamydia,2015,United States,NA,15-19,All races/ethnicities,Male,"82,775",767.7,"10,782,533"
Gonorrhea,2015,United States,NA,65+,All races/ethnicities,Female,158,0.6,"26,613,943"
Gonorrhea,2015,United States,NA,55-64,All races/ethnicities,Female,849,4,"21,099,136"
Gonorrhea,2015,United States,NA,45-54,All races/ethnicities,Female,"3,375",15.5,"21,803,943"
Gonorrhea,2015,United States,NA,40-44,All races/ethnicities,Female,"3,898",38.4,"10,142,727"
Gonorrhea,2015,United States,NA,35-39,All races/ethnicities,Female,"7,897",77.7,"10,164,245"
Gonorrhea,2015,United States,NA,30-34,All races/ethnicities,Female,"15,867",147.5,"10,759,408"
Gonorrhea,2015,United States,NA,25-29,All races/ethnicities,Female,"32,662",296.4,"11,017,889"
Gonorrhea,2015,United States,NA,20-24,All races/ethnicities,Female,"61,105",553.9,"11,032,073"
Gonorrhea,2015,United States,NA,15-19,All races/ethnicities,Female,"45,477",441.6,"10,298,487"
Gonorrhea,2015,United States,NA,65+,All races/ethnicities,Male,"1,032",4.9,"21,036,827"
Gonorrhea,2015,United States,NA,55-64,All races/ethnicities,Male,"5,175",26.3,"19,645,032"
Gonorrhea,2015,United States,NA,45-54,All races/ethnicities,Male,"15,379",72.5,"21,211,588"
Gonorrhea,2015,United States,NA,40-44,All races/ethnicities,Male,"11,116",111.3,"9,990,175"
Gonorrhea,2015,United States,NA,35-39,All races/ethnicities,Male,"18,198",179.5,"10,140,455"
Gonorrhea,2015,United States,NA,30-34,All races/ethnicities,Male,"29,751",273.7,"10,869,592"
Gonorrhea,2015,United States,NA,25-29,All races/ethnicities,Male,"50,089",439.7,"11,391,309"
Gonorrhea,2015,United States,NA,20-24,All races/ethnicities,Male,"63,289",543.9,"11,636,577"
Gonorrhea,2015,United States,NA,15-19,All races/ethnicities,Male,"26,401",244.8,"10,782,533"
Chlamydia,2014,United States,NA,65+,All races/ethnicities,Female,570,2.2,"25,848,942"
Chlamydia,2014,United States,NA,55-64,All races/ethnicities,Female,"2,603",12.6,"20,712,929"
Chlamydia,2014,United States,NA,45-54,All races/ethnicities,Female,"10,424",47.4,"21,974,222"
Chlamydia,2014,United States,NA,40-44,All races/ethnicities,Female,"13,662",132.1,"10,342,482"
Chlamydia,2014,United States,NA,35-39,All races/ethnicities,Female,"29,545",296.7,"9,958,412"
Chlamydia,2014,United States,NA,30-34,All races/ethnicities,Female,"67,060",626.4,"10,706,128"
Chlamydia,2014,United States,NA,25-29,All races/ethnicities,Female,"161,793",1497.4,"10,805,274"
Chlamydia,2014,United States,NA,20-24,All races/ethnicities,Female,"405,876",3640.9,"11,147,661"
Chlamydia,2014,United States,NA,15-19,All races/ethnicities,Female,"303,294",2950.8,"10,278,274"
Chlamydia,2014,United States,NA,65+,All races/ethnicities,Male,871,4.3,"20,308,074"
Chlamydia,2014,United States,NA,55-64,All races/ethnicities,Male,"3,911",20.3,"19,270,506"
Chlamydia,2014,United States,NA,45-54,All races/ethnicities,Male,"14,318",67,"21,356,710"
Chlamydia,2014,United States,NA,40-44,All races/ethnicities,Male,"13,711",134.6,"10,187,679"
Chlamydia,2014,United States,NA,35-39,All races/ethnicities,Male,"22,894",231,"9,912,803"
Chlamydia,2014,United States,NA,30-34,All races/ethnicities,Male,"45,990",426.2,"10,791,682"
Chlamydia,2014,United States,NA,25-29,All races/ethnicities,Male,"91,729",823,"11,145,370"
Chlamydia,2014,United States,NA,20-24,All races/ethnicities,Male,"159,804",1362.8,"11,726,278"
Chlamydia,2014,United States,NA,15-19,All races/ethnicities,Male,"77,908",723.1,"10,774,552"
Gonorrhea,2014,United States,NA,65+,All races/ethnicities,Female,121,0.5,"25,848,942"
Gonorrhea,2014,United States,NA,55-64,All races/ethnicities,Female,680,3.3,"20,712,929"
Gonorrhea,2014,United States,NA,45-54,All races/ethnicities,Female,"2,917",13.3,"21,974,222"
Gonorrhea,2014,United States,NA,40-44,All races/ethnicities,Female,"3,320",32.1,"10,342,482"
Gonorrhea,2014,United States,NA,35-39,All races/ethnicities,Female,"6,654",66.8,"9,958,412"
Gonorrhea,2014,United States,NA,30-34,All races/ethnicities,Female,"13,988",130.7,"10,706,128"
Gonorrhea,2014,United States,NA,25-29,All races/ethnicities,Female,"28,899",267.5,"10,805,274"
Gonorrhea,2014,United States,NA,20-24,All races/ethnicities,Female,"59,329",532.2,"11,147,661"
Gonorrhea,2014,United States,NA,15-19,All races/ethnicities,Female,"44,399",432,"10,278,274"
Gonorrhea,2014,United States,NA,65+,All races/ethnicities,Male,790,3.9,"20,308,074"
Gonorrhea,2014,United States,NA,55-64,All races/ethnicities,Male,"3,859",20,"19,270,506"
Gonorrhea,2014,United States,NA,45-54,All races/ethnicities,Male,"12,388",58,"21,356,710"
Gonorrhea,2014,United States,NA,40-44,All races/ethnicities,Male,"9,349",91.8,"10,187,679"
Gonorrhea,2014,United States,NA,35-39,All races/ethnicities,Male,"14,129",142.5,"9,912,803"
Gonorrhea,2014,United States,NA,30-34,All races/ethnicities,Male,"24,349",225.6,"10,791,682"
Gonorrhea,2014,United States,NA,25-29,All races/ethnicities,Male,"40,602",364.3,"11,145,370"
Gonorrhea,2014,United States,NA,20-24,All races/ethnicities,Male,"56,714",483.6,"11,726,278"
Gonorrhea,2014,United States,NA,15-19,All races/ethnicities,Male,"23,981",222.6,"10,774,552"
Chlamydia,2013,United States,NA,65+,All races/ethnicities,Female,616,2.5,"25,066,649"
Chlamydia,2013,United States,NA,55-64,All races/ethnicities,Female,"2,259",11.1,"20,347,466"
Chlamydia,2013,United States,NA,45-54,All races/ethnicities,Female,"9,299",41.9,"22,197,245"
Chlamydia,2013,United States,NA,40-44,All races/ethnicities,Female,"12,501",119.1,"10,493,646"
Chlamydia,2013,United States,NA,35-39,All races/ethnicities,Female,"26,720",271.8,"9,831,574"
Chlamydia,2013,United States,NA,30-34,All races/ethnicities,Female,"62,414",588.8,"10,599,838"
Chlamydia,2013,United States,NA,25-29,All races/ethnicities,Female,"150,733",1417.3,"10,635,121"
Chlamydia,2013,United States,NA,20-24,All races/ethnicities,Female,"399,545",3589.3,"11,131,494"
Chlamydia,2013,United States,NA,15-19,All races/ethnicities,Female,"316,438",3063.5,"10,329,460"
Chlamydia,2013,United States,NA,65+,All races/ethnicities,Male,750,3.8,"19,562,806"
Chlamydia,2013,United States,NA,55-64,All races/ethnicities,Male,"3,154",16.7,"18,930,337"
Chlamydia,2013,United States,NA,45-54,All races/ethnicities,Male,"12,180",56.5,"21,552,683"
Chlamydia,2013,United States,NA,40-44,All races/ethnicities,Male,"12,200",117.9,"10,348,022"
Chlamydia,2013,United States,NA,35-39,All races/ethnicities,Male,"20,157",206.3,"9,771,719"
Chlamydia,2013,United States,NA,30-34,All races/ethnicities,Male,"41,017",384.6,"10,665,565"
Chlamydia,2013,United States,NA,25-29,All races/ethnicities,Male,"82,190",751.7,"10,933,926"
Chlamydia,2013,United States,NA,20-24,All races/ethnicities,Male,"153,102",1310.7,"11,680,740"
Chlamydia,2013,United States,NA,15-19,All races/ethnicities,Male,"78,404",722.8,"10,847,996"
Gonorrhea,2013,United States,NA,65+,All races/ethnicities,Female,128,0.5,"25,066,649"
Gonorrhea,2013,United States,NA,55-64,All races/ethnicities,Female,621,3.1,"20,347,466"
Gonorrhea,2013,United States,NA,45-54,All races/ethnicities,Female,"2,714",12.2,"22,197,245"
Gonorrhea,2013,United States,NA,40-44,All races/ethnicities,Female,"3,192",30.4,"10,493,646"
Gonorrhea,2013,United States,NA,35-39,All races/ethnicities,Female,"6,145",62.5,"9,831,574"
Gonorrhea,2013,United States,NA,30-34,All races/ethnicities,Female,"13,143",124,"10,599,838"
Gonorrhea,2013,United States,NA,25-29,All races/ethnicities,Female,"27,266",256.4,"10,635,121"
Gonorrhea,2013,United States,NA,20-24,All races/ethnicities,Female,"59,760",536.9,"11,131,494"
Gonorrhea,2013,United States,NA,15-19,All races/ethnicities,Female,"47,749",462.3,"10,329,460"
Gonorrhea,2013,United States,NA,65+,All races/ethnicities,Male,696,3.6,"19,562,806"
Gonorrhea,2013,United States,NA,55-64,All races/ethnicities,Male,"3,176",16.8,"18,930,337"
Gonorrhea,2013,United States,NA,45-54,All races/ethnicities,Male,"11,087",51.4,"21,552,683"
Gonorrhea,2013,United States,NA,40-44,All races/ethnicities,Male,"8,590",83,"10,348,022"
Gonorrhea,2013,United States,NA,35-39,All races/ethnicities,Male,"11,850",121.3,"9,771,719"
Gonorrhea,2013,United States,NA,30-34,All races/ethnicities,Male,"20,855",195.5,"10,665,565"
Gonorrhea,2013,United States,NA,25-29,All races/ethnicities,Male,"34,718",317.5,"10,933,926"
Gonorrhea,2013,United States,NA,20-24,All races/ethnicities,Male,"53,055",454.2,"11,680,740"
Gonorrhea,2013,United States,NA,15-19,All races/ethnicities,Male,"24,212",223.2,"10,847,996"
Chlamydia,2012,United States,NA,65+,All races/ethnicities,Female,525,2.2,"24,315,399"
Chlamydia,2012,United States,NA,55-64,All races/ethnicities,Female,"2,161",10.8,"19,980,556"
Chlamydia,2012,United States,NA,45-54,All races/ethnicities,Female,"8,961",39.9,"22,463,338"
Chlamydia,2012,United States,NA,40-44,All races/ethnicities,Female,"12,245",115.8,"10,572,856"
Chlamydia,2012,United States,NA,35-39,All races/ethnicities,Female,"25,313",258.7,"9,785,086"
Chlamydia,2012,United States,NA,30-34,All races/ethnicities,Female,"59,594",571.5,"10,427,958"
Chlamydia,2012,United States,NA,25-29,All races/ethnicities,Female,"146,037",1382.5,"10,562,959"
Chlamydia,2012,United States,NA,20-24,All races/ethnicities,Female,"400,629",3627.8,"11,043,233"
Chlamydia,2012,United States,NA,15-19,All races/ethnicities,Female,"346,430",3328.3,"10,408,505"
Chlamydia,2012,United States,NA,65+,All races/ethnicities,Male,602,3.2,"18,814,964"
Chlamydia,2012,United States,NA,55-64,All races/ethnicities,Male,"2,783",15,"18,593,868"
Chlamydia,2012,United States,NA,45-54,All races/ethnicities,Male,"11,332",52,"21,792,814"
Chlamydia,2012,United States,NA,40-44,All races/ethnicities,Male,"11,596",111,"10,448,583"
Chlamydia,2012,United States,NA,35-39,All races/ethnicities,Male,"18,274",188.3,"9,704,403"
Chlamydia,2012,United States,NA,30-34,All races/ethnicities,Male,"38,011",362.7,"10,478,593"
Chlamydia,2012,United States,NA,25-29,All races/ethnicities,Male,"77,666",717.7,"10,821,489"
Chlamydia,2012,United States,NA,20-24,All races/ethnicities,Male,"152,772",1323.5,"11,542,727"
Chlamydia,2012,United States,NA,15-19,All races/ethnicities,Male,"86,150",786,"10,960,709"
Gonorrhea,2012,United States,NA,65+,All races/ethnicities,Female,105,0.4,"24,315,399"
Gonorrhea,2012,United States,NA,55-64,All races/ethnicities,Female,586,2.9,"19,980,556"
Gonorrhea,2012,United States,NA,45-54,All races/ethnicities,Female,"2,594",11.5,"22,463,338"
Gonorrhea,2012,United States,NA,40-44,All races/ethnicities,Female,"3,089",29.2,"10,572,856"
Gonorrhea,2012,United States,NA,35-39,All races/ethnicities,Female,"5,670",57.9,"9,785,086"
Gonorrhea,2012,United States,NA,30-34,All races/ethnicities,Female,"12,436",119.3,"10,427,958"
Gonorrhea,2012,United States,NA,25-29,All races/ethnicities,Female,"26,722",253,"10,562,959"
Gonorrhea,2012,United States,NA,20-24,All races/ethnicities,Female,"62,711",567.9,"11,043,233"
Gonorrhea,2012,United States,NA,15-19,All races/ethnicities,Female,"54,852",527,"10,408,505"
Gonorrhea,2012,United States,NA,65+,All races/ethnicities,Male,537,2.9,"18,814,964"
Gonorrhea,2012,United States,NA,55-64,All races/ethnicities,Male,"2,642",14.2,"18,593,868"
Gonorrhea,2012,United States,NA,45-54,All races/ethnicities,Male,"9,773",44.8,"21,792,814"
Gonorrhea,2012,United States,NA,40-44,All races/ethnicities,Male,"7,858",75.2,"10,448,583"
Gonorrhea,2012,United States,NA,35-39,All races/ethnicities,Male,"10,493",108.1,"9,704,403"
Gonorrhea,2012,United States,NA,30-34,All races/ethnicities,Male,"18,936",180.7,"10,478,593"
Gonorrhea,2012,United States,NA,25-29,All races/ethnicities,Male,"31,631",292.3,"10,821,489"
Gonorrhea,2012,United States,NA,20-24,All races/ethnicities,Male,"52,351",453.5,"11,542,727"
Gonorrhea,2012,United States,NA,15-19,All races/ethnicities,Male,"26,578",242.5,"10,960,709"
Chlamydia,2011,United States,NA,65+,All races/ethnicities,Female,486,2.1,"23,423,472"
Chlamydia,2011,United States,NA,55-64,All races/ethnicities,Female,"1,903",9.7,"19,711,378"
Chlamydia,2011,United States,NA,45-54,All races/ethnicities,Female,"8,182",36,"22,709,708"
Chlamydia,2011,United States,NA,40-44,All races/ethnicities,Female,"11,120",105.1,"10,577,579"
Chlamydia,2011,United States,NA,35-39,All races/ethnicities,Female,"23,711",240.9,"9,843,032"
Chlamydia,2011,United States,NA,30-34,All races/ethnicities,Female,"56,562",552.3,"10,240,567"
Chlamydia,2011,United States,NA,25-29,All races/ethnicities,Female,"140,628",1334.7,"10,535,916"
Chlamydia,2011,United States,NA,20-24,All races/ethnicities,Female,"393,534",3625.2,"10,855,607"
Chlamydia,2011,United States,NA,15-19,All races/ethnicities,Female,"366,818",3480.6,"10,539,012"
Chlamydia,2011,United States,NA,65+,All races/ethnicities,Male,569,3.2,"17,926,543"
Chlamydia,2011,United States,NA,55-64,All races/ethnicities,Male,"2,300",12.5,"18,356,334"
Chlamydia,2011,United States,NA,45-54,All races/ethnicities,Male,"9,910",45,"22,016,008"
Chlamydia,2011,United States,NA,40-44,All races/ethnicities,Male,"10,460",100,"10,457,688"
Chlamydia,2011,United States,NA,35-39,All races/ethnicities,Male,"16,911",173.4,"9,755,000"
Chlamydia,2011,United States,NA,30-34,All races/ethnicities,Male,"34,971",340.4,"10,272,959"
Chlamydia,2011,United States,NA,25-29,All races/ethnicities,Male,"73,357",682.7,"10,744,612"
Chlamydia,2011,United States,NA,20-24,All races/ethnicities,Male,"147,948",1308.9,"11,303,591"
Chlamydia,2011,United States,NA,15-19,All races/ethnicities,Male,"90,764",816.3,"11,119,469"
Gonorrhea,2011,United States,NA,65+,All races/ethnicities,Female,99,0.4,"23,423,472"
Gonorrhea,2011,United States,NA,55-64,All races/ethnicities,Female,471,2.4,"19,711,378"
Gonorrhea,2011,United States,NA,45-54,All races/ethnicities,Female,"2,222",9.8,"22,709,708"
Gonorrhea,2011,United States,NA,40-44,All races/ethnicities,Female,"2,708",25.6,"10,577,579"
Gonorrhea,2011,United States,NA,35-39,All races/ethnicities,Female,"5,096",51.8,"9,843,032"
Gonorrhea,2011,United States,NA,30-34,All races/ethnicities,Female,"11,044",107.8,"10,240,567"
Gonorrhea,2011,United States,NA,25-29,All races/ethnicities,Female,"24,821",235.6,"10,535,916"
Gonorrhea,2011,United States,NA,20-24,All races/ethnicities,Female,"61,756",568.9,"10,855,607"
Gonorrhea,2011,United States,NA,15-19,All races/ethnicities,Female,"59,747",566.9,"10,539,012"
Gonorrhea,2011,United States,NA,65+,All races/ethnicities,Male,485,2.7,"17,926,543"
Gonorrhea,2011,United States,NA,55-64,All races/ethnicities,Male,"2,270",12.4,"18,356,334"
Gonorrhea,2011,United States,NA,45-54,All races/ethnicities,Male,"8,222",37.3,"22,016,008"
Gonorrhea,2011,United States,NA,40-44,All races/ethnicities,Male,"6,955",66.5,"10,457,688"
Gonorrhea,2011,United States,NA,35-39,All races/ethnicities,Male,"8,972",92,"9,755,000"
Gonorrhea,2011,United States,NA,30-34,All races/ethnicities,Male,"16,044",156.2,"10,272,959"
Gonorrhea,2011,United States,NA,25-29,All races/ethnicities,Male,"28,288",263.3,"10,744,612"
Gonorrhea,2011,United States,NA,20-24,All races/ethnicities,Male,"49,633",439.1,"11,303,591"
Gonorrhea,2011,United States,NA,15-19,All races/ethnicities,Male,"28,102",252.7,"11,119,469"
Chlamydia,2010,United States,NA,65+,All races/ethnicities,Female,481,2.1,"23,006,863"
Chlamydia,2010,United States,NA,55-64,All races/ethnicities,Female,"1,674",8.8,"19,037,792"
Chlamydia,2010,United States,NA,45-54,All races/ethnicities,Female,"7,423",32.5,"22,852,063"
Chlamydia,2010,United States,NA,40-44,All races/ethnicities,Female,"9,931",94.5,"10,503,896"
Chlamydia,2010,United States,NA,35-39,All races/ethnicities,Female,"22,421",222.3,"10,085,444"
Chlamydia,2010,United States,NA,30-34,All races/ethnicities,Female,"51,925",518.4,"10,016,775"
Chlamydia,2010,United States,NA,25-29,All races/ethnicities,Female,"130,561",1245.6,"10,482,126"
Chlamydia,2010,United States,NA,20-24,All races/ethnicities,Female,"355,994",3349.2,"10,629,216"
Chlamydia,2010,United States,NA,15-19,All races/ethnicities,Female,"354,252",3309.8,"10,703,205"
Chlamydia,2010,United States,NA,65+,All races/ethnicities,Male,464,2.7,"17,471,361"
Chlamydia,2010,United States,NA,55-64,All races/ethnicities,Male,"1,834",10.3,"17,744,926"
Chlamydia,2010,United States,NA,45-54,All races/ethnicities,Male,"8,635",39,"22,134,329"
Chlamydia,2010,United States,NA,40-44,All races/ethnicities,Male,"9,594",92.3,"10,399,313"
Chlamydia,2010,United States,NA,35-39,All races/ethnicities,Male,"15,861",158.7,"9,991,819"
Chlamydia,2010,United States,NA,30-34,All races/ethnicities,Male,"31,230",310.7,"10,051,162"
Chlamydia,2010,United States,NA,25-29,All races/ethnicities,Male,"66,470",623.5,"10,660,751"
Chlamydia,2010,United States,NA,20-24,All races/ethnicities,Male,"131,686",1189.4,"11,072,082"
Chlamydia,2010,United States,NA,15-19,All races/ethnicities,Male,"85,570",758.7,"11,277,894"
Gonorrhea,2010,United States,NA,65+,All races/ethnicities,Female,105,0.5,"23,006,863"
Gonorrhea,2010,United States,NA,55-64,All races/ethnicities,Female,338,1.8,"19,037,792"
Gonorrhea,2010,United States,NA,45-54,All races/ethnicities,Female,"2,043",8.9,"22,852,063"
Gonorrhea,2010,United States,NA,40-44,All races/ethnicities,Female,"2,495",23.8,"10,503,896"
Gonorrhea,2010,United States,NA,35-39,All races/ethnicities,Female,"4,907",48.7,"10,085,444"
Gonorrhea,2010,United States,NA,30-34,All races/ethnicities,Female,"10,510",104.9,"10,016,775"
Gonorrhea,2010,United States,NA,25-29,All races/ethnicities,Female,"23,907",228.1,"10,482,126"
Gonorrhea,2010,United States,NA,20-24,All races/ethnicities,Female,"58,574",551.1,"10,629,216"
Gonorrhea,2010,United States,NA,15-19,All races/ethnicities,Female,"59,867",559.3,"10,703,205"
Gonorrhea,2010,United States,NA,65+,All races/ethnicities,Male,411,2.4,"17,471,361"
Gonorrhea,2010,United States,NA,55-64,All races/ethnicities,Male,"1,852",10.4,"17,744,926"
Gonorrhea,2010,United States,NA,45-54,All races/ethnicities,Male,"7,490",33.8,"22,134,329"
Gonorrhea,2010,United States,NA,40-44,All races/ethnicities,Male,"6,745",64.9,"10,399,313"
Gonorrhea,2010,United States,NA,35-39,All races/ethnicities,Male,"8,812",88.2,"9,991,819"
Gonorrhea,2010,United States,NA,30-34,All races/ethnicities,Male,"14,809",147.3,"10,051,162"
Gonorrhea,2010,United States,NA,25-29,All races/ethnicities,Male,"26,818",251.6,"10,660,751"
Gonorrhea,2010,United States,NA,20-24,All races/ethnicities,Male,"46,708",421.9,"11,072,082"
Gonorrhea,2010,United States,NA,15-19,All races/ethnicities,Male,"28,002",248.3,"11,277,894"
Chlamydia,2009,United States,NA,65+,All races/ethnicities,Female,471,2.1,"22,665,698"
Chlamydia,2009,United States,NA,55-64,All races/ethnicities,Female,"1,573",8.7,"17,980,759"
Chlamydia,2009,United States,NA,45-54,All races/ethnicities,Female,"7,183",31.9,"22,540,559"
Chlamydia,2009,United States,NA,40-44,All races/ethnicities,Female,"9,467",90.4,"10,469,080"
Chlamydia,2009,United States,NA,35-39,All races/ethnicities,Female,"21,354",209.9,"10,171,364"
Chlamydia,2009,United States,NA,30-34,All races/ethnicities,Female,"49,103",502.9,"9,763,427"
Chlamydia,2009,United States,NA,25-29,All races/ethnicities,Female,"127,708",1211.6,"10,540,419"
Chlamydia,2009,United States,NA,20-24,All races/ethnicities,Female,"332,946",3193.8,"10,424,771"
Chlamydia,2009,United States,NA,15-19,All races/ethnicities,Female,"347,597",3319.5,"10,471,391"
Chlamydia,2009,United States,NA,65+,All races/ethnicities,Male,472,2.8,"17,057,972"
Chlamydia,2009,United States,NA,55-64,All races/ethnicities,Male,"1,787",10.7,"16,748,139"
Chlamydia,2009,United States,NA,45-54,All races/ethnicities,Male,"7,818",35.8,"21,814,467"
Chlamydia,2009,United States,NA,40-44,All races/ethnicities,Male,"8,750",84,"10,412,286"
Chlamydia,2009,United States,NA,35-39,All races/ethnicities,Male,"14,859",144.7,"10,271,690"
Chlamydia,2009,United States,NA,30-34,All races/ethnicities,Male,"28,344",283.1,"10,013,447"
Chlamydia,2009,United States,NA,25-29,All races/ethnicities,Male,"62,437",562.7,"11,095,781"
Chlamydia,2009,United States,NA,20-24,All races/ethnicities,Male,"120,975",1074.6,"11,257,508"
Chlamydia,2009,United States,NA,15-19,All races/ethnicities,Male,"80,725",723.2,"11,161,603"
Gonorrhea,2009,United States,NA,65+,All races/ethnicities,Female,108,0.5,"22,665,698"
Gonorrhea,2009,United States,NA,55-64,All races/ethnicities,Female,363,2,"17,980,759"
Gonorrhea,2009,United States,NA,45-54,All races/ethnicities,Female,"1,954",8.7,"22,540,559"
Gonorrhea,2009,United States,NA,40-44,All races/ethnicities,Female,"2,446",23.4,"10,469,080"
Gonorrhea,2009,United States,NA,35-39,All races/ethnicities,Female,"4,928",48.4,"10,171,364"
Gonorrhea,2009,United States,NA,30-34,All races/ethnicities,Female,"10,178",104.2,"9,763,427"
Gonorrhea,2009,United States,NA,25-29,All races/ethnicities,Female,"23,719",225,"10,540,419"
Gonorrhea,2009,United States,NA,20-24,All races/ethnicities,Female,"56,436",541.4,"10,424,771"
Gonorrhea,2009,United States,NA,15-19,All races/ethnicities,Female,"59,353",566.8,"10,471,391"
Gonorrhea,2009,United States,NA,65+,All races/ethnicities,Male,446,2.6,"17,057,972"
Gonorrhea,2009,United States,NA,55-64,All races/ethnicities,Male,"1,848",11,"16,748,139"
Gonorrhea,2009,United States,NA,45-54,All races/ethnicities,Male,"7,311",33.5,"21,814,467"
Gonorrhea,2009,United States,NA,40-44,All races/ethnicities,Male,"6,504",62.5,"10,412,286"
Gonorrhea,2009,United States,NA,35-39,All races/ethnicities,Male,"8,997",87.6,"10,271,690"
Gonorrhea,2009,United States,NA,30-34,All races/ethnicities,Male,"14,364",143.4,"10,013,447"
Gonorrhea,2009,United States,NA,25-29,All races/ethnicities,Male,"26,016",234.5,"11,095,781"
Gonorrhea,2009,United States,NA,20-24,All races/ethnicities,Male,"43,986",390.7,"11,257,508"
Gonorrhea,2009,United States,NA,15-19,All races/ethnicities,Male,"27,444",245.9,"11,161,603"
Chlamydia,2008,United States,NA,65+,All races/ethnicities,Female,453,2,"22,264,896"
Chlamydia,2008,United States,NA,55-64,All races/ethnicities,Female,"1,424",8.2,"17,389,884"
Chlamydia,2008,United States,NA,45-54,All races/ethnicities,Female,"6,832",30.5,"22,385,854"
Chlamydia,2008,United States,NA,40-44,All races/ethnicities,Female,"9,398",87.9,"10,693,647"
Chlamydia,2008,United States,NA,35-39,All races/ethnicities,Female,"21,510",208.1,"10,338,821"
Chlamydia,2008,United States,NA,30-34,All races/ethnicities,Female,"47,757",497.6,"9,596,620"
Chlamydia,2008,United States,NA,25-29,All races/ethnicities,Female,"126,901",1213,"10,461,459"
Chlamydia,2008,United States,NA,20-24,All races/ethnicities,Female,"322,054",3121.2,"10,318,146"
Chlamydia,2008,United States,NA,15-19,All races/ethnicities,Female,"340,975",3241.4,"10,519,454"
Chlamydia,2008,United States,NA,65+,All races/ethnicities,Male,427,2.6,"16,617,824"
Chlamydia,2008,United States,NA,55-64,All races/ethnicities,Male,"1,634",10.1,"16,196,857"
Chlamydia,2008,United States,NA,45-54,All races/ethnicities,Male,"7,386",34.1,"21,649,173"
Chlamydia,2008,United States,NA,40-44,All races/ethnicities,Male,"8,525",80.4,"10,605,864"
Chlamydia,2008,United States,NA,35-39,All races/ethnicities,Male,"14,908",142.9,"10,435,423"
Chlamydia,2008,United States,NA,30-34,All races/ethnicities,Male,"26,740",272,"9,832,435"
Chlamydia,2008,United States,NA,25-29,All races/ethnicities,Male,"60,629",554.2,"10,940,219"
Chlamydia,2008,United States,NA,20-24,All races/ethnicities,Male,"113,948",1022.6,"11,143,302"
Chlamydia,2008,United States,NA,15-19,All races/ethnicities,Male,"76,741",684.6,"11,209,757"
Gonorrhea,2008,United States,NA,65+,All races/ethnicities,Female,103,0.5,"22,264,896"
Gonorrhea,2008,United States,NA,55-64,All races/ethnicities,Female,423,2.4,"17,389,884"
Gonorrhea,2008,United States,NA,45-54,All races/ethnicities,Female,"2,481",11.1,"22,385,854"
Gonorrhea,2008,United States,NA,40-44,All races/ethnicities,Female,"3,170",29.6,"10,693,647"
Gonorrhea,2008,United States,NA,35-39,All races/ethnicities,Female,"5,773",55.8,"10,338,821"
Gonorrhea,2008,United States,NA,30-34,All races/ethnicities,Female,"11,387",118.7,"9,596,620"
Gonorrhea,2008,United States,NA,25-29,All races/ethnicities,Female,"27,563",263.5,"10,461,459"
Gonorrhea,2008,United States,NA,20-24,All races/ethnicities,Female,"61,647",597.5,"10,318,146"
Gonorrhea,2008,United States,NA,15-19,All races/ethnicities,Female,"66,326",630.5,"10,519,454"
Gonorrhea,2008,United States,NA,65+,All races/ethnicities,Male,545,3.3,"16,617,824"
Gonorrhea,2008,United States,NA,55-64,All races/ethnicities,Male,"2,186",13.5,"16,196,857"
Gonorrhea,2008,United States,NA,45-54,All races/ethnicities,Male,"8,612",39.8,"21,649,173"
Gonorrhea,2008,United States,NA,40-44,All races/ethnicities,Male,"7,809",73.6,"10,605,864"
Gonorrhea,2008,United States,NA,35-39,All races/ethnicities,Male,"10,552",101.1,"10,435,423"
Gonorrhea,2008,United States,NA,30-34,All races/ethnicities,Male,"16,077",163.5,"9,832,435"
Gonorrhea,2008,United States,NA,25-29,All races/ethnicities,Male,"28,928",264.4,"10,940,219"
Gonorrhea,2008,United States,NA,20-24,All races/ethnicities,Male,"46,796",419.9,"11,143,302"
Gonorrhea,2008,United States,NA,15-19,All races/ethnicities,Male,"30,468",271.8,"11,209,757"
Chlamydia,2007,United States,NA,65+,All races/ethnicities,Female,392,1.8,"21,805,206"
Chlamydia,2007,United States,NA,55-64,All races/ethnicities,Female,"1,304",7.7,"16,904,785"
Chlamydia,2007,United States,NA,45-54,All races/ethnicities,Female,"6,226",28.1,"22,162,547"
Chlamydia,2007,United States,NA,40-44,All races/ethnicities,Female,"8,580",78.4,"10,947,469"
Chlamydia,2007,United States,NA,35-39,All races/ethnicities,Female,"19,707",189.1,"10,421,008"
Chlamydia,2007,United States,NA,30-34,All races/ethnicities,Female,"44,552",467.2,"9,535,156"
Chlamydia,2007,United States,NA,25-29,All races/ethnicities,Female,"119,354",1160.2,"10,287,568"
Chlamydia,2007,United States,NA,20-24,All races/ethnicities,Female,"299,315",2918,"10,257,394"
Chlamydia,2007,United States,NA,15-19,All races/ethnicities,Female,"310,474",2959.9,"10,489,454"
Chlamydia,2007,United States,NA,65+,All races/ethnicities,Male,413,2.6,"16,120,370"
Chlamydia,2007,United States,NA,55-64,All races/ethnicities,Male,"1,521",9.7,"15,744,837"
Chlamydia,2007,United States,NA,45-54,All races/ethnicities,Male,"6,835",31.9,"21,421,620"
Chlamydia,2007,United States,NA,40-44,All races/ethnicities,Male,"7,941",73.4,"10,825,797"
Chlamydia,2007,United States,NA,35-39,All races/ethnicities,Male,"13,747",130.8,"10,511,602"
Chlamydia,2007,United States,NA,30-34,All races/ethnicities,Male,"24,477",251.1,"9,746,569"
Chlamydia,2007,United States,NA,25-29,All races/ethnicities,Male,"54,560",510.6,"10,684,897"
Chlamydia,2007,United States,NA,20-24,All races/ethnicities,Male,"101,160",913.2,"11,077,228"
Chlamydia,2007,United States,NA,15-19,All races/ethnicities,Male,"66,806",598.2,"11,168,769"
Gonorrhea,2007,United States,NA,65+,All races/ethnicities,Female,89,0.4,"21,805,206"
Gonorrhea,2007,United States,NA,55-64,All races/ethnicities,Female,484,2.9,"16,904,785"
Gonorrhea,2007,United States,NA,45-54,All races/ethnicities,Female,"2,645",11.9,"22,162,547"
Gonorrhea,2007,United States,NA,40-44,All races/ethnicities,Female,"3,463",31.6,"10,947,469"
Gonorrhea,2007,United States,NA,35-39,All races/ethnicities,Female,"6,336",60.8,"10,421,008"
Gonorrhea,2007,United States,NA,30-34,All races/ethnicities,Female,"12,123",127.1,"9,535,156"
Gonorrhea,2007,United States,NA,25-29,All races/ethnicities,Female,"28,941",281.3,"10,287,568"
Gonorrhea,2007,United States,NA,20-24,All races/ethnicities,Female,"62,401",608.4,"10,257,394"
Gonorrhea,2007,United States,NA,15-19,All races/ethnicities,Female,"66,961",638.4,"10,489,454"
Gonorrhea,2007,United States,NA,65+,All races/ethnicities,Male,617,3.8,"16,120,370"
Gonorrhea,2007,United States,NA,55-64,All races/ethnicities,Male,"2,675",17,"15,744,837"
Gonorrhea,2007,United States,NA,45-54,All races/ethnicities,Male,"10,640",49.7,"21,421,620"
Gonorrhea,2007,United States,NA,40-44,All races/ethnicities,Male,"9,651",89.1,"10,825,797"
Gonorrhea,2007,United States,NA,35-39,All races/ethnicities,Male,"12,648",120.3,"10,511,602"
Gonorrhea,2007,United States,NA,30-34,All races/ethnicities,Male,"18,019",184.9,"9,746,569"
Gonorrhea,2007,United States,NA,25-29,All races/ethnicities,Male,"32,135",300.8,"10,684,897"
Gonorrhea,2007,United States,NA,20-24,All races/ethnicities,Male,"48,848",441,"11,077,228"
Gonorrhea,2007,United States,NA,15-19,All races/ethnicities,Male,"31,090",278.4,"11,168,769"
Chlamydia,2006,United States,NA,65+,All races/ethnicities,Female,465,2.2,"21,483,697"
Chlamydia,2006,United States,NA,55-64,All races/ethnicities,Female,"1,070",6.6,"16,318,747"
Chlamydia,2006,United States,NA,45-54,All races/ethnicities,Female,"5,495",25.1,"21,857,644"
Chlamydia,2006,United States,NA,40-44,All races/ethnicities,Female,"7,870",70.3,"11,192,043"
Chlamydia,2006,United States,NA,35-39,All races/ethnicities,Female,"18,064",173.4,"10,417,969"
Chlamydia,2006,United States,NA,30-34,All races/ethnicities,Female,"40,996",427.5,"9,589,859"
Chlamydia,2006,United States,NA,25-29,All races/ethnicities,Female,"111,125",1104.7,"10,059,306"
Chlamydia,2006,United States,NA,20-24,All races/ethnicities,Female,"283,018",2767.4,"10,226,691"
Chlamydia,2006,United States,NA,15-19,All races/ethnicities,Female,"291,493",2805.2,"10,391,196"
Chlamydia,2006,United States,NA,65+,All races/ethnicities,Male,420,2.7,"15,751,774"
Chlamydia,2006,United States,NA,55-64,All races/ethnicities,Male,"1,323",8.7,"15,190,023"
Chlamydia,2006,United States,NA,45-54,All races/ethnicities,Male,"5,767",27.3,"21,114,840"
Chlamydia,2006,United States,NA,40-44,All races/ethnicities,Male,"7,350",66.5,"11,054,924"
Chlamydia,2006,United States,NA,35-39,All races/ethnicities,Male,"12,656",120.6,"10,490,781"
Chlamydia,2006,United States,NA,30-34,All races/ethnicities,Male,"22,377",228.6,"9,787,125"
Chlamydia,2006,United States,NA,25-29,All races/ethnicities,Male,"48,977",470.7,"10,404,276"
Chlamydia,2006,United States,NA,20-24,All races/ethnicities,Male,"92,295",837.1,"11,026,040"
Chlamydia,2006,United States,NA,15-19,All races/ethnicities,Male,"58,332",527.1,"11,065,856"
Gonorrhea,2006,United States,NA,65+,All races/ethnicities,Female,150,0.7,"21,483,697"
Gonorrhea,2006,United States,NA,55-64,All races/ethnicities,Female,449,2.8,"16,318,747"
Gonorrhea,2006,United States,NA,45-54,All races/ethnicities,Female,"2,766",12.7,"21,857,644"
Gonorrhea,2006,United States,NA,40-44,All races/ethnicities,Female,"3,875",34.6,"11,192,043"
Gonorrhea,2006,United States,NA,35-39,All races/ethnicities,Female,"6,821",65.5,"10,417,969"
Gonorrhea,2006,United States,NA,30-34,All races/ethnicities,Female,"12,383",129.1,"9,589,859"
Gonorrhea,2006,United States,NA,25-29,All races/ethnicities,Female,"28,738",285.7,"10,059,306"
Gonorrhea,2006,United States,NA,20-24,All races/ethnicities,Female,"61,313",599.5,"10,226,691"
Gonorrhea,2006,United States,NA,15-19,All races/ethnicities,Female,"66,015",635.3,"10,391,196"
Gonorrhea,2006,United States,NA,65+,All races/ethnicities,Male,639,4.1,"15,751,774"
Gonorrhea,2006,United States,NA,55-64,All races/ethnicities,Male,"2,668",17.6,"15,190,023"
Gonorrhea,2006,United States,NA,45-54,All races/ethnicities,Male,"10,983",52,"21,114,840"
Gonorrhea,2006,United States,NA,40-44,All races/ethnicities,Male,"10,558",95.5,"11,054,924"
Gonorrhea,2006,United States,NA,35-39,All races/ethnicities,Male,"13,712",130.7,"10,490,781"
Gonorrhea,2006,United States,NA,30-34,All races/ethnicities,Male,"18,721",191.3,"9,787,125"
Gonorrhea,2006,United States,NA,25-29,All races/ethnicities,Male,"32,717",314.5,"10,404,276"
Gonorrhea,2006,United States,NA,20-24,All races/ethnicities,Male,"48,951",444,"11,026,040"
Gonorrhea,2006,United States,NA,15-19,All races/ethnicities,Male,"29,899",270.2,"11,065,856"
Chlamydia,2005,United States,NA,65+,All races/ethnicities,Female,475,2.2,"21,248,920"
Chlamydia,2005,United States,NA,55-64,All races/ethnicities,Female,"1,013",6.5,"15,697,587"
Chlamydia,2005,United States,NA,45-54,All races/ethnicities,Female,"4,866",22.6,"21,491,840"
Chlamydia,2005,United States,NA,40-44,All races/ethnicities,Female,"7,404",64.8,"11,418,854"
Chlamydia,2005,United States,NA,35-39,All races/ethnicities,Female,"16,682",161.1,"10,355,090"
Chlamydia,2005,United States,NA,30-34,All races/ethnicities,Female,"38,692",394,"9,819,922"
Chlamydia,2005,United States,NA,25-29,All races/ethnicities,Female,"102,604",1052.4,"9,749,089"
Chlamydia,2005,United States,NA,20-24,All races/ethnicities,Female,"271,612",2658.7,"10,216,003"
Chlamydia,2005,United States,NA,15-19,All races/ethnicities,Female,"280,101",2727.9,"10,267,886"
Chlamydia,2005,United States,NA,65+,All races/ethnicities,Male,395,2.6,"15,462,684"
Chlamydia,2005,United States,NA,55-64,All races/ethnicities,Male,"1,158",7.9,"14,604,963"
Chlamydia,2005,United States,NA,45-54,All races/ethnicities,Male,"5,157",24.8,"20,752,549"
Chlamydia,2005,United States,NA,40-44,All races/ethnicities,Male,"6,880",61.2,"11,247,719"
Chlamydia,2005,United States,NA,35-39,All races/ethnicities,Male,"11,595",111.3,"10,420,329"
Chlamydia,2005,United States,NA,30-34,All races/ethnicities,Male,"20,925",209.6,"9,985,338"
Chlamydia,2005,United States,NA,25-29,All races/ethnicities,Male,"44,328",440,"10,074,144"
Chlamydia,2005,United States,NA,20-24,All races/ethnicities,Male,"86,164",788.3,"10,929,967"
Chlamydia,2005,United States,NA,15-19,All races/ethnicities,Male,"53,240",486.9,"10,934,779"
Gonorrhea,2005,United States,NA,65+,All races/ethnicities,Female,130,0.6,"21,248,920"
Gonorrhea,2005,United States,NA,55-64,All races/ethnicities,Female,376,2.4,"15,697,587"
Gonorrhea,2005,United States,NA,45-54,All races/ethnicities,Female,"2,558",11.9,"21,491,840"
Gonorrhea,2005,United States,NA,40-44,All races/ethnicities,Female,"3,915",34.3,"11,418,854"
Gonorrhea,2005,United States,NA,35-39,All races/ethnicities,Female,"6,493",62.7,"10,355,090"
Gonorrhea,2005,United States,NA,30-34,All races/ethnicities,Female,"11,728",119.4,"9,819,922"
Gonorrhea,2005,United States,NA,25-29,All races/ethnicities,Female,"26,393",270.7,"9,749,089"
Gonorrhea,2005,United States,NA,20-24,All races/ethnicities,Female,"58,692",574.5,"10,216,003"
Gonorrhea,2005,United States,NA,15-19,All races/ethnicities,Female,"62,638",610,"10,267,886"
Gonorrhea,2005,United States,NA,65+,All races/ethnicities,Male,621,4,"15,462,684"
Gonorrhea,2005,United States,NA,55-64,All races/ethnicities,Male,"2,384",16.3,"14,604,963"
Gonorrhea,2005,United States,NA,45-54,All races/ethnicities,Male,"9,994",48.2,"20,752,549"
Gonorrhea,2005,United States,NA,40-44,All races/ethnicities,Male,"10,331",91.8,"11,247,719"
Gonorrhea,2005,United States,NA,35-39,All races/ethnicities,Male,"13,313",127.8,"10,420,329"
Gonorrhea,2005,United States,NA,30-34,All races/ethnicities,Male,"18,115",181.4,"9,985,338"
Gonorrhea,2005,United States,NA,25-29,All races/ethnicities,Male,"30,404",301.8,"10,074,144"
Gonorrhea,2005,United States,NA,20-24,All races/ethnicities,Male,"46,822",428.4,"10,929,967"
Gonorrhea,2005,United States,NA,15-19,All races/ethnicities,Male,"27,569",252.1,"10,934,779"
Chlamydia,2004,United States,NA,65+,All races/ethnicities,Female,417,2,"21,054,579"
Chlamydia,2004,United States,NA,55-64,All races/ethnicities,Female,882,5.9,"15,055,084"
Chlamydia,2004,United States,NA,45-54,All races/ethnicities,Female,"4,615",21.9,"21,089,172"
Chlamydia,2004,United States,NA,40-44,All races/ethnicities,Female,"7,169",62.1,"11,537,070"
Chlamydia,2004,United States,NA,35-39,All races/ethnicities,Female,"15,715",151,"10,410,179"
Chlamydia,2004,United States,NA,30-34,All races/ethnicities,Female,"37,116",370,"10,032,648"
Chlamydia,2004,United States,NA,25-29,All races/ethnicities,Female,"96,918",1019.2,"9,509,459"
Chlamydia,2004,United States,NA,20-24,All races/ethnicities,Female,"262,707",2578.7,"10,187,487"
Chlamydia,2004,United States,NA,15-19,All races/ethnicities,Female,"272,844",2698.1,"10,112,498"
Chlamydia,2004,United States,NA,65+,All races/ethnicities,Male,332,2.2,"15,198,011"
Chlamydia,2004,United States,NA,55-64,All races/ethnicities,Male,980,7,"13,988,525"
Chlamydia,2004,United States,NA,45-54,All races/ethnicities,Male,"4,562",22.4,"20,343,503"
Chlamydia,2004,United States,NA,40-44,All races/ethnicities,Male,"6,337",55.8,"11,360,492"
Chlamydia,2004,United States,NA,35-39,All races/ethnicities,Male,"10,551",101,"10,449,215"
Chlamydia,2004,United States,NA,30-34,All races/ethnicities,Male,"19,180",188.1,"10,198,756"
Chlamydia,2004,United States,NA,25-29,All races/ethnicities,Male,"39,025",397.1,"9,827,724"
Chlamydia,2004,United States,NA,20-24,All races/ethnicities,Male,"78,702",728,"10,811,034"
Chlamydia,2004,United States,NA,15-19,All races/ethnicities,Male,"47,767",443.5,"10,769,486"
Gonorrhea,2004,United States,NA,65+,All races/ethnicities,Female,129,0.6,"21,054,579"
Gonorrhea,2004,United States,NA,55-64,All races/ethnicities,Female,364,2.4,"15,055,084"
Gonorrhea,2004,United States,NA,45-54,All races/ethnicities,Female,"2,417",11.5,"21,089,172"
Gonorrhea,2004,United States,NA,40-44,All races/ethnicities,Female,"3,782",32.8,"11,537,070"
Gonorrhea,2004,United States,NA,35-39,All races/ethnicities,Female,"6,400",61.5,"10,410,179"
Gonorrhea,2004,United States,NA,30-34,All races/ethnicities,Female,"11,631",115.9,"10,032,648"
Gonorrhea,2004,United States,NA,25-29,All races/ethnicities,Female,"25,166",264.6,"9,509,459"
Gonorrhea,2004,United States,NA,20-24,All races/ethnicities,Female,"56,891",558.4,"10,187,487"
Gonorrhea,2004,United States,NA,15-19,All races/ethnicities,Female,"60,420",597.5,"10,112,498"
Gonorrhea,2004,United States,NA,65+,All races/ethnicities,Male,609,4,"15,198,011"
Gonorrhea,2004,United States,NA,55-64,All races/ethnicities,Male,"2,269",16.2,"13,988,525"
Gonorrhea,2004,United States,NA,45-54,All races/ethnicities,Male,"9,577",47.1,"20,343,503"
Gonorrhea,2004,United States,NA,40-44,All races/ethnicities,Male,"10,149",89.3,"11,360,492"
Gonorrhea,2004,United States,NA,35-39,All races/ethnicities,Male,"13,253",126.8,"10,449,215"
Gonorrhea,2004,United States,NA,30-34,All races/ethnicities,Male,"18,529",181.7,"10,198,756"
Gonorrhea,2004,United States,NA,25-29,All races/ethnicities,Male,"29,303",298.2,"9,827,724"
Gonorrhea,2004,United States,NA,20-24,All races/ethnicities,Male,"45,586",421.7,"10,811,034"
Gonorrhea,2004,United States,NA,15-19,All races/ethnicities,Male,"26,404",245.2,"10,769,486"
Chlamydia,2003,United States,NA,65+,All races/ethnicities,Female,446,2.1,"20,919,744"
Chlamydia,2003,United States,NA,55-64,All races/ethnicities,Female,763,5.3,"14,425,102"
Chlamydia,2003,United States,NA,45-54,All races/ethnicities,Female,"4,165",20.1,"20,707,872"
Chlamydia,2003,United States,NA,40-44,All races/ethnicities,Female,"6,552",56.8,"11,529,094"
Chlamydia,2003,United States,NA,35-39,All races/ethnicities,Female,"14,750",138.8,"10,629,183"
Chlamydia,2003,United States,NA,30-34,All races/ethnicities,Female,"35,450",347.8,"10,191,536"
Chlamydia,2003,United States,NA,25-29,All races/ethnicities,Female,"89,182",955.8,"9,330,581"
Chlamydia,2003,United States,NA,20-24,All races/ethnicities,Female,"250,706",2484.2,"10,091,929"
Chlamydia,2003,United States,NA,15-19,All races/ethnicities,Female,"263,772",2640.3,"9,990,124"
Chlamydia,2003,United States,NA,65+,All races/ethnicities,Male,318,2.1,"14,981,059"
Chlamydia,2003,United States,NA,55-64,All races/ethnicities,Male,873,6.5,"13,393,298"
Chlamydia,2003,United States,NA,45-54,All races/ethnicities,Male,"3,971",19.9,"19,967,243"
Chlamydia,2003,United States,NA,40-44,All races/ethnicities,Male,"5,615",49.5,"11,342,231"
Chlamydia,2003,United States,NA,35-39,All races/ethnicities,Male,"9,668",91,"10,625,897"
Chlamydia,2003,United States,NA,30-34,All races/ethnicities,Male,"17,628",170.4,"10,342,291"
Chlamydia,2003,United States,NA,25-29,All races/ethnicities,Male,"34,556",359.4,"9,614,496"
Chlamydia,2003,United States,NA,20-24,All races/ethnicities,Male,"70,737",666.4,"10,615,373"
Chlamydia,2003,United States,NA,15-19,All races/ethnicities,Male,"43,863",412.1,"10,643,338"
Gonorrhea,2003,United States,NA,65+,All races/ethnicities,Female,127,0.6,"20,919,744"
Gonorrhea,2003,United States,NA,55-64,All races/ethnicities,Female,301,2.1,"14,425,102"
Gonorrhea,2003,United States,NA,45-54,All races/ethnicities,Female,"2,097",10.1,"20,707,872"
Gonorrhea,2003,United States,NA,40-44,All races/ethnicities,Female,"3,616",31.4,"11,529,094"
Gonorrhea,2003,United States,NA,35-39,All races/ethnicities,Female,"6,337",59.6,"10,629,183"
Gonorrhea,2003,United States,NA,30-34,All races/ethnicities,Female,"11,436",112.2,"10,191,536"
Gonorrhea,2003,United States,NA,25-29,All races/ethnicities,Female,"24,124",258.5,"9,330,581"
Gonorrhea,2003,United States,NA,20-24,All races/ethnicities,Female,"58,251",577.2,"10,091,929"
Gonorrhea,2003,United States,NA,15-19,All races/ethnicities,Female,"62,324",623.9,"9,990,124"
Gonorrhea,2003,United States,NA,65+,All races/ethnicities,Male,613,4.1,"14,981,059"
Gonorrhea,2003,United States,NA,55-64,All races/ethnicities,Male,"1,995",14.9,"13,393,298"
Gonorrhea,2003,United States,NA,45-54,All races/ethnicities,Male,"8,832",44.2,"19,967,243"
Gonorrhea,2003,United States,NA,40-44,All races/ethnicities,Male,"9,997",88.1,"11,342,231"
Gonorrhea,2003,United States,NA,35-39,All races/ethnicities,Male,"13,706",129,"10,625,897"
Gonorrhea,2003,United States,NA,30-34,All races/ethnicities,Male,"18,849",182.3,"10,342,291"
Gonorrhea,2003,United States,NA,25-29,All races/ethnicities,Male,"29,110",302.8,"9,614,496"
Gonorrhea,2003,United States,NA,20-24,All races/ethnicities,Male,"47,820",450.5,"10,615,373"
Gonorrhea,2003,United States,NA,15-19,All races/ethnicities,Male,"27,221",255.8,"10,643,338"
Chlamydia,2002,United States,NA,65+,All races/ethnicities,Female,511,2.5,"20,779,781"
Chlamydia,2002,United States,NA,55-64,All races/ethnicities,Female,698,5.1,"13,791,848"
Chlamydia,2002,United States,NA,45-54,All races/ethnicities,Female,"3,952",19.5,"20,311,984"
Chlamydia,2002,United States,NA,40-44,All races/ethnicities,Female,"6,215",53.9,"11,525,318"
Chlamydia,2002,United States,NA,35-39,All races/ethnicities,Female,"13,961",128.3,"10,883,560"
Chlamydia,2002,United States,NA,30-34,All races/ethnicities,Female,"33,148",322.7,"10,271,816"
Chlamydia,2002,United States,NA,25-29,All races/ethnicities,Female,"83,099",896.8,"9,266,045"
Chlamydia,2002,United States,NA,20-24,All races/ethnicities,Female,"236,063",2380.8,"9,915,368"
Chlamydia,2002,United States,NA,15-19,All races/ethnicities,Female,"254,823",2569.6,"9,916,912"
Chlamydia,2002,United States,NA,65+,All races/ethnicities,Male,292,2,"14,768,098"
Chlamydia,2002,United States,NA,55-64,All races/ethnicities,Male,738,5.8,"12,785,683"
Chlamydia,2002,United States,NA,45-54,All races/ethnicities,Male,"3,611",18.4,"19,583,578"
Chlamydia,2002,United States,NA,40-44,All races/ethnicities,Male,"5,060",44.6,"11,353,441"
Chlamydia,2002,United States,NA,35-39,All races/ethnicities,Male,"9,185",84.6,"10,863,023"
Chlamydia,2002,United States,NA,30-34,All races/ethnicities,Male,"16,651",159.6,"10,434,021"
Chlamydia,2002,United States,NA,25-29,All races/ethnicities,Male,"32,133",336.6,"9,547,097"
Chlamydia,2002,United States,NA,20-24,All races/ethnicities,Male,"66,241",636.5,"10,407,426"
Chlamydia,2002,United States,NA,15-19,All races/ethnicities,Male,"41,946",396.3,"10,583,375"
Gonorrhea,2002,United States,NA,65+,All races/ethnicities,Female,158,0.8,"20,779,781"
Gonorrhea,2002,United States,NA,55-64,All races/ethnicities,Female,263,1.9,"13,791,848"
Gonorrhea,2002,United States,NA,45-54,All races/ethnicities,Female,"2,019",9.9,"20,311,984"
Gonorrhea,2002,United States,NA,40-44,All races/ethnicities,Female,"3,508",30.4,"11,525,318"
Gonorrhea,2002,United States,NA,35-39,All races/ethnicities,Female,"6,486",59.6,"10,883,560"
Gonorrhea,2002,United States,NA,30-34,All races/ethnicities,Female,"11,425",111.2,"10,271,816"
Gonorrhea,2002,United States,NA,25-29,All races/ethnicities,Female,"23,889",257.8,"9,266,045"
Gonorrhea,2002,United States,NA,20-24,All races/ethnicities,Female,"59,830",603.4,"9,915,368"
Gonorrhea,2002,United States,NA,15-19,All races/ethnicities,Female,"65,849",664,"9,916,912"
Gonorrhea,2002,United States,NA,65+,All races/ethnicities,Male,625,4.2,"14,768,098"
Gonorrhea,2002,United States,NA,55-64,All races/ethnicities,Male,"1,999",15.6,"12,785,683"
Gonorrhea,2002,United States,NA,45-54,All races/ethnicities,Male,"8,815",45,"19,583,578"
Gonorrhea,2002,United States,NA,40-44,All races/ethnicities,Male,"10,170",89.6,"11,353,441"
Gonorrhea,2002,United States,NA,35-39,All races/ethnicities,Male,"14,750",135.8,"10,863,023"
Gonorrhea,2002,United States,NA,30-34,All races/ethnicities,Male,"20,384",195.4,"10,434,021"
Gonorrhea,2002,United States,NA,25-29,All races/ethnicities,Male,"31,124",326,"9,547,097"
Gonorrhea,2002,United States,NA,20-24,All races/ethnicities,Male,"51,697",496.7,"10,407,426"
Gonorrhea,2002,United States,NA,15-19,All races/ethnicities,Male,"29,664",280.3,"10,583,375"
Chlamydia,2001,United States,NA,65+,All races/ethnicities,Female,595,2.9,"20,696,226"
Chlamydia,2001,United States,NA,55-64,All races/ethnicities,Female,638,4.9,"13,010,704"
Chlamydia,2001,United States,NA,45-54,All races/ethnicities,Female,"3,438",17.2,"20,022,691"
Chlamydia,2001,United States,NA,40-44,All races/ethnicities,Female,"5,753",50,"11,495,536"
Chlamydia,2001,United States,NA,35-39,All races/ethnicities,Female,"13,425",120.6,"11,131,341"
Chlamydia,2001,United States,NA,30-34,All races/ethnicities,Female,"30,447",296.6,"10,266,251"
Chlamydia,2001,United States,NA,25-29,All races/ethnicities,Female,"78,255",840.1,"9,314,583"
Chlamydia,2001,United States,NA,20-24,All races/ethnicities,Female,"224,814",2323.2,"9,676,906"
Chlamydia,2001,United States,NA,15-19,All races/ethnicities,Female,"246,808",2499.7,"9,873,360"
Chlamydia,2001,United States,NA,65+,All races/ethnicities,Male,307,2.1,"14,607,765"
Chlamydia,2001,United States,NA,55-64,All races/ethnicities,Male,631,5.2,"12,026,719"
Chlamydia,2001,United States,NA,45-54,All races/ethnicities,Male,"2,910",15.1,"19,311,505"
Chlamydia,2001,United States,NA,40-44,All races/ethnicities,Male,"4,073",36,"11,315,257"
Chlamydia,2001,United States,NA,35-39,All races/ethnicities,Male,"7,859",70.8,"11,102,910"
Chlamydia,2001,United States,NA,30-34,All races/ethnicities,Male,"14,320",137.5,"10,414,167"
Chlamydia,2001,United States,NA,25-29,All races/ethnicities,Male,"27,580",288,"9,575,384"
Chlamydia,2001,United States,NA,20-24,All races/ethnicities,Male,"57,938",572.3,"10,123,861"
Chlamydia,2001,United States,NA,15-19,All races/ethnicities,Male,"38,614",367,"10,522,898"
Gonorrhea,2001,United States,NA,65+,All races/ethnicities,Female,190,0.9,"20,696,226"
Gonorrhea,2001,United States,NA,55-64,All races/ethnicities,Female,249,1.9,"13,010,704"
Gonorrhea,2001,United States,NA,45-54,All races/ethnicities,Female,"1,787",8.9,"20,022,691"
Gonorrhea,2001,United States,NA,40-44,All races/ethnicities,Female,"3,503",30.5,"11,495,536"
Gonorrhea,2001,United States,NA,35-39,All races/ethnicities,Female,"6,526",58.6,"11,131,341"
Gonorrhea,2001,United States,NA,30-34,All races/ethnicities,Female,"11,388",110.9,"10,266,251"
Gonorrhea,2001,United States,NA,25-29,All races/ethnicities,Female,"23,706",254.5,"9,314,583"
Gonorrhea,2001,United States,NA,20-24,All races/ethnicities,Female,"61,089",631.3,"9,676,906"
Gonorrhea,2001,United States,NA,15-19,All races/ethnicities,Female,"68,519",694,"9,873,360"
Gonorrhea,2001,United States,NA,65+,All races/ethnicities,Male,644,4.4,"14,607,765"
Gonorrhea,2001,United States,NA,55-64,All races/ethnicities,Male,"1,983",16.5,"12,026,719"
Gonorrhea,2001,United States,NA,45-54,All races/ethnicities,Male,"8,579",44.4,"19,311,505"
Gonorrhea,2001,United States,NA,40-44,All races/ethnicities,Male,"9,986",88.3,"11,315,257"
Gonorrhea,2001,United States,NA,35-39,All races/ethnicities,Male,"15,082",135.8,"11,102,910"
Gonorrhea,2001,United States,NA,30-34,All races/ethnicities,Male,"20,866",200.4,"10,414,167"
Gonorrhea,2001,United States,NA,25-29,All races/ethnicities,Male,"31,912",333.3,"9,575,384"
Gonorrhea,2001,United States,NA,20-24,All races/ethnicities,Male,"54,141",534.8,"10,123,861"
Gonorrhea,2001,United States,NA,15-19,All races/ethnicities,Male,"31,673",301,"10,522,898"
Chlamydia,2000,United States,NA,65+,All races/ethnicities,Female,645,3.1,"20,616,383"
Chlamydia,2000,United States,NA,55-64,All races/ethnicities,Female,621,4.9,"12,697,775"
Chlamydia,2000,United States,NA,45-54,All races/ethnicities,Female,"3,119",16.1,"19,336,641"
Chlamydia,2000,United States,NA,40-44,All races/ethnicities,Female,"5,157",45.4,"11,350,046"
Chlamydia,2000,United States,NA,35-39,All races/ethnicities,Female,"12,229",107.7,"11,355,161"
Chlamydia,2000,United States,NA,30-34,All races/ethnicities,Female,"27,511",269.8,"10,195,212"
Chlamydia,2000,United States,NA,25-29,All races/ethnicities,Female,"70,308",737.4,"9,534,535"
Chlamydia,2000,United States,NA,20-24,All races/ethnicities,Female,"199,379",2132.5,"9,349,436"
Chlamydia,2000,United States,NA,15-19,All races/ethnicities,Female,"228,662",2322,"9,847,541"
Chlamydia,2000,United States,NA,65+,All races/ethnicities,Male,334,2.3,"14,453,832"
Chlamydia,2000,United States,NA,55-64,All races/ethnicities,Male,492,4.2,"11,716,767"
Chlamydia,2000,United States,NA,45-54,All races/ethnicities,Male,"2,483",13.3,"18,650,461"
Chlamydia,2000,United States,NA,40-44,All races/ethnicities,Male,"3,305",29.6,"11,165,975"
Chlamydia,2000,United States,NA,35-39,All races/ethnicities,Male,"6,752",59.8,"11,294,181"
Chlamydia,2000,United States,NA,30-34,All races/ethnicities,Male,"12,129",117.4,"10,333,425"
Chlamydia,2000,United States,NA,25-29,All races/ethnicities,Male,"24,235",248.3,"9,759,683"
Chlamydia,2000,United States,NA,20-24,All races/ethnicities,Male,"49,575",507.2,"9,774,847"
Chlamydia,2000,United States,NA,15-19,All races/ethnicities,Male,"34,880",334.3,"10,434,648"
Gonorrhea,2000,United States,NA,65+,All races/ethnicities,Female,180,0.9,"20,616,383"
Gonorrhea,2000,United States,NA,55-64,All races/ethnicities,Female,227,1.8,"12,697,775"
Gonorrhea,2000,United States,NA,45-54,All races/ethnicities,Female,"1,710",8.8,"19,336,641"
Gonorrhea,2000,United States,NA,40-44,All races/ethnicities,Female,"3,358",29.6,"11,350,046"
Gonorrhea,2000,United States,NA,35-39,All races/ethnicities,Female,"6,931",61,"11,355,161"
Gonorrhea,2000,United States,NA,30-34,All races/ethnicities,Female,"11,369",111.5,"10,195,212"
Gonorrhea,2000,United States,NA,25-29,All races/ethnicities,Female,"23,449",245.9,"9,534,535"
Gonorrhea,2000,United States,NA,20-24,All races/ethnicities,Female,"58,829",629.2,"9,349,436"
Gonorrhea,2000,United States,NA,15-19,All races/ethnicities,Female,"68,611",696.7,"9,847,541"
Gonorrhea,2000,United States,NA,65+,All races/ethnicities,Male,729,5,"14,453,832"
Gonorrhea,2000,United States,NA,55-64,All races/ethnicities,Male,"2,087",17.8,"11,716,767"
Gonorrhea,2000,United States,NA,45-54,All races/ethnicities,Male,"8,693",46.6,"18,650,461"
Gonorrhea,2000,United States,NA,40-44,All races/ethnicities,Male,"10,276",92,"11,165,975"
Gonorrhea,2000,United States,NA,35-39,All races/ethnicities,Male,"15,774",139.7,"11,294,181"
Gonorrhea,2000,United States,NA,30-34,All races/ethnicities,Male,"20,616",199.5,"10,333,425"
Gonorrhea,2000,United States,NA,25-29,All races/ethnicities,Male,"32,822",336.3,"9,759,683"
Gonorrhea,2000,United States,NA,20-24,All races/ethnicities,Male,"54,260",555.1,"9,774,847"
Gonorrhea,2000,United States,NA,15-19,All races/ethnicities,Male,"32,955",315.8,"10,434,648"